system:index,LST,NDBI,NDVI,NDWI,zone_id,.geo,city
0,308.32280719060765,-0.0110590604952093,0.3815750630894121,-0.4392132500337003,Z1,"{""type"":""Polygon"",""coordinates"":[[[72.50999966230029,22.849998955557247],[72.50999966230029,22.9750009566224],[72.4499979166911,22.975000944488663],[72.4499979166911,22.849998953446608],[72.50999966230029,22.849998955557247]]]}",ahmedabad_features
1,309.02311959521137,0.0116270345039886,0.3388619120726114,-0.4096086169992204,Z2,"{""type"":""Polygon"",""coordinates"":[[[72.5700012861179,22.849998904506524],[72.5700012861179,22.975000890432323],[72.50999966230029,22.9750009566224],[72.50999966230029,22.849998955557247],[72.5700012861179,22.849998904506524]]]}",ahmedabad_features
2,308.4811333765406,0.0338294713832342,0.2967403502032867,-0.3825904476308337,Z3,"{""type"":""Polygon"",""coordinates"":[[[72.62999852068243,22.84999897218958],[72.62999852068243,22.975000915825813],[72.5700012861179,22.975000890432323],[72.5700012861179,22.849998904506524],[72.62999852068243,22.84999897218958]]]}",ahmedabad_features
3,309.2158214348365,0.022591700003123,0.3463201819076036,-0.427139769944899,Z4,"{""type"":""Polygon"",""coordinates"":[[[72.69000018224327,22.849998950436937],[72.69000018224327,22.975000917003428],[72.62999852068243,22.975000915825813],[72.62999852068243,22.84999897218958],[72.69000018224327,22.849998950436937]]]}",ahmedabad_features
4,308.6029440574118,0.0049448653982769,0.4016187104800897,-0.472118325974771,Z5,"{""type"":""Polygon"",""coordinates"":[[[72.75000182107684,22.849998900437992],[72.75000182107684,22.975000953142285],[72.69000018224327,22.975000917003428],[72.69000018224327,22.849998950436937],[72.75000182107684,22.849998900437992]]]}",ahmedabad_features
5,310.0048958948339,0.0015787481154893,0.3418101214496919,-0.4088934194261397,Z6,"{""type"":""Polygon"",""coordinates"":[[[72.50999966230029,22.9750009566224],[72.50999966230029,23.099998482302798],[72.4499979166911,23.09999840068322],[72.4499979166911,22.975000944488663],[72.50999966230029,22.9750009566224]]]}",ahmedabad_features
6,309.6695849079288,0.0110130209072842,0.2220059231418535,-0.2836578433046117,Z7,"{""type"":""Polygon"",""coordinates"":[[[72.5700012861179,22.975000890432323],[72.5700012861179,23.099998460587155],[72.50999966230029,23.099998482302798],[72.50999966230029,22.9750009566224],[72.5700012861179,22.975000890432323]]]}",ahmedabad_features
7,310.36789493205123,0.0163115857527799,0.2077516715137739,-0.2630439312532582,Z8,"{""type"":""Polygon"",""coordinates"":[[[72.62999852068243,22.975000915825813],[72.62999852068243,23.099998415558492],[72.5700012861179,23.099998460587155],[72.5700012861179,22.975000890432323],[72.62999852068243,22.975000915825813]]]}",ahmedabad_features
8,311.0797750483787,0.0393614334151649,0.2169251116956454,-0.2991802751398791,Z9,"{""type"":""Polygon"",""coordinates"":[[[72.69000018224327,22.975000917003428],[72.69000018224327,23.09999841161949],[72.62999852068243,23.099998415558492],[72.62999852068243,22.975000915825813],[72.69000018224327,22.975000917003428]]]}",ahmedabad_features
9,310.0453534585503,-0.0006668109285667232,0.3994858618498547,-0.4730385354085435,Z10,"{""type"":""Polygon"",""coordinates"":[[[72.75000182107684,22.975000953142285],[72.75000182107684,23.099998417998364],[72.69000018224327,23.09999841161949],[72.69000018224327,22.975000917003428],[72.75000182107684,22.975000953142285]]]}",ahmedabad_features
0,300.83194706996846,0.0803531465364734,0.3286546411670372,-0.4277850165572835,Z1,"{""type"":""Polygon"",""coordinates"":[[[77.48000214678166,12.850001073044492],[77.48000214678166,13.000000740732588],[77.4000014284863,13.000000803003784],[77.4000014284863,12.850001102732485],[77.48000214678166,12.850001073044492]]]}",bangalore_features
1,300.26641238392926,0.0424607505111111,0.2822783623444083,-0.3496545459612368,Z2,"{""type"":""Polygon"",""coordinates"":[[[77.55999842006972,12.85000107433432],[77.55999842006972,13.000000801424106],[77.48000214678166,13.000000740732588],[77.48000214678166,12.850001073044492],[77.55999842006972,12.85000107433432]]]}",bangalore_features
2,300.7067866254519,0.0236737914096035,0.2589442697705588,-0.3108739323079528,Z3,"{""type"":""Polygon"",""coordinates"":[[[77.63999920457495,12.850001054279687],[77.63999920457495,13.00000076465603],[77.55999842006972,13.000000801424106],[77.55999842006972,12.85000107433432],[77.63999920457495,12.850001054279687]]]}",bangalore_features
3,302.0027379807855,0.0360499383334154,0.286440945394299,-0.3517566141971168,Z4,"{""type"":""Polygon"",""coordinates"":[[[77.71999989155216,12.85000108375014],[77.71999989155216,13.000000785778987],[77.63999920457495,13.00000076465603],[77.63999920457495,12.850001054279687],[77.71999989155216,12.85000108375014]]]}",bangalore_features
4,302.1636031852613,0.0478198106704569,0.3504680875890475,-0.4394491412160318,Z5,"{""type"":""Polygon"",""coordinates"":[[[77.80000068297257,12.850001120258645],[77.80000068297257,13.00000082264097],[77.71999989155216,13.000000785778987],[77.71999989155216,12.85000108375014],[77.80000068297257,12.850001120258645]]]}",bangalore_features
5,300.60144306860974,0.0952348213518209,0.3354926581721609,-0.4504925266005044,Z6,"{""type"":""Polygon"",""coordinates"":[[[77.48000214678166,13.000000740732588],[77.48000214678166,13.150000506866125],[77.4000014284863,13.150000457617661],[77.4000014284863,13.000000803003784],[77.48000214678166,13.000000740732588]]]}",bangalore_features
6,300.1080352977841,0.0594454840822513,0.3002904597863246,-0.3917783777857501,Z7,"{""type"":""Polygon"",""coordinates"":[[[77.55999842006972,13.000000801424106],[77.55999842006972,13.150000513133332],[77.48000214678166,13.150000506866125],[77.48000214678166,13.000000740732588],[77.55999842006972,13.000000801424106]]]}",bangalore_features
7,301.59116472507066,0.0351033294296963,0.2815159618888038,-0.3571865842549157,Z8,"{""type"":""Polygon"",""coordinates"":[[[77.63999920457495,13.00000076465603],[77.63999920457495,13.150000519106014],[77.55999842006972,13.150000513133332],[77.55999842006972,13.000000801424106],[77.63999920457495,13.00000076465603]]]}",bangalore_features
8,303.26824080227624,0.0602110463186273,0.3004816634646335,-0.3931958239352169,Z9,"{""type"":""Polygon"",""coordinates"":[[[77.71999989155216,13.000000785778987],[77.71999989155216,13.150000505795262],[77.63999920457495,13.150000519106014],[77.63999920457495,13.00000076465603],[77.71999989155216,13.000000785778987]]]}",bangalore_features
9,303.544062547243,0.0592373786972824,0.3399752958837583,-0.4343120498085404,Z10,"{""type"":""Polygon"",""coordinates"":[[[77.80000068297257,13.00000082264097],[77.80000068297257,13.150000517730827],[77.71999989155216,13.150000505795262],[77.71999989155216,13.000000785778987],[77.80000068297257,13.00000082264097]]]}",bangalore_features
0,302.9730573267439,0.0095704011647607,0.2975891982048428,-0.3273817184453246,Z1,"{""type"":""Polygon"",""coordinates"":[[[80.13999863029491,12.950000885885297],[80.13999863029491,13.074998437280817],[80.10000048653322,13.074998426767241],[80.10000048653322,12.950000862307112],[80.13999863029491,12.950000885885297]]]}",chennai_features
1,303.4880698605157,0.020640209588817,0.2664296842894216,-0.298018047412216,Z2,"{""type"":""Polygon"",""coordinates"":[[[80.18000120232101,12.950000898316649],[80.18000120232101,13.074998387197592],[80.13999863029491,13.074998437280817],[80.13999863029491,12.950000885885297],[80.18000120232101,12.950000898316649]]]}",chennai_features
2,304.4451474383025,0.0114859717785956,0.2279508101111101,-0.2550714255175735,Z3,"{""type"":""Polygon"",""coordinates"":[[[80.21999934834353,12.950000914789047],[80.21999934834353,13.074998375988047],[80.18000120232101,13.074998387197592],[80.18000120232101,12.950000898316649],[80.21999934834353,12.950000914789047]]]}",chennai_features
3,305.02388241485625,-0.0207044855240102,0.275460069954301,-0.2915223219283726,Z4,"{""type"":""Polygon"",""coordinates"":[[[80.26000200905669,12.950000841769016],[80.26000200905669,13.07499839965535],[80.21999934834353,13.074998375988047],[80.21999934834353,12.950000914789047],[80.26000200905669,12.950000841769016]]]}",chennai_features
4,301.85274849834093,-0.1110571837493264,-0.0005305218866603504,0.0937642470005971,Z5,"{""type"":""Polygon"",""coordinates"":[[[80.30000008286758,12.950000861651985],[80.30000008286758,13.074998377330607],[80.26000200905669,13.07499839965535],[80.26000200905669,12.950000841769016],[80.30000008286758,12.950000861651985]]]}",chennai_features
5,304.6377028778459,0.0313064934571195,0.3016082221336542,-0.3441384571883999,Z6,"{""type"":""Polygon"",""coordinates"":[[[80.13999863029491,13.074998437280817],[80.13999863029491,13.200000415667452],[80.10000048653322,13.200000361622186],[80.10000048653322,13.074998426767241],[80.13999863029491,13.074998437280817]]]}",chennai_features
6,304.6215628933266,0.0106416295850027,0.2176261210037865,-0.2447996167134942,Z7,"{""type"":""Polygon"",""coordinates"":[[[80.18000120232101,13.074998387197592],[80.18000120232101,13.200000359702084],[80.13999863029491,13.200000415667452],[80.13999863029491,13.074998437280817],[80.18000120232101,13.074998387197592]]]}",chennai_features
7,304.6852338518222,-0.0085545236809364,0.2238914303966153,-0.2343891633660067,Z8,"{""type"":""Polygon"",""coordinates"":[[[80.21999934834353,13.074998375988047],[80.21999934834353,13.200000377659006],[80.18000120232101,13.200000359702084],[80.18000120232101,13.074998387197592],[80.21999934834353,13.074998375988047]]]}",chennai_features
8,305.0217090165668,0.0043386292084533,0.2660691970169489,-0.2840566896396148,Z9,"{""type"":""Polygon"",""coordinates"":[[[80.26000200905669,13.07499839965535],[80.26000200905669,13.200000381226616],[80.21999934834353,13.200000377659006],[80.21999934834353,13.074998375988047],[80.26000200905669,13.07499839965535]]]}",chennai_features
9,307.2144856101063,0.0072014193950818,0.2258843457865066,-0.2484207491572078,Z10,"{""type"":""Polygon"",""coordinates"":[[[80.30000008286758,13.074998377330607],[80.30000008286758,13.20000037377777],[80.26000200905669,13.200000381226616],[80.26000200905669,13.07499839965535],[80.30000008286758,13.074998377330607]]]}",chennai_features
0,304.7411055637758,0.0172320013269675,0.3301670904634967,-0.4209216769677442,Z1,"{""type"":""Polygon"",""coordinates"":[[[76.89099952366062,28.400001273227936],[76.94199828453203,28.400001245107145],[76.94199828453203,28.639998981135705],[76.89099952366062,28.63999893269861],[76.84000075480982,28.639998933689277],[76.84000075480982,28.40000122970283],[76.89099952366062,28.400001273227936]]]}",delhi_features
1,303.48145628417967,0.0086461975113215,0.2988647832568432,-0.3738171053232341,Z2,"{""type"":""Polygon"",""coordinates"":[[[76.9929992638011,28.400001202262935],[77.04400020351113,28.40000120420923],[77.04400020351113,28.639998935074438],[76.9929992638011,28.63999896259588],[76.94199828453203,28.639998981135705],[76.94199828453203,28.400001245107145],[76.9929992638011,28.400001202262935]]]}",delhi_features
2,302.393043211699,-0.0056309854639435,0.3098352401085212,-0.3720385577148008,Z3,"{""type"":""Polygon"",""coordinates"":[[[77.09500113219225,28.40000127050211],[77.14600216572963,28.400001253722756],[77.14600216572963,28.63999893985843],[77.09500113219225,28.639999005659874],[77.04400020351113,28.639998935074438],[77.04400020351113,28.40000120420923],[77.09500113219225,28.40000127050211]]]}",delhi_features
3,300.87649377648705,-0.0655784543625144,0.4189411694025162,-0.4485608927739769,Z4,"{""type"":""Polygon"",""coordinates"":[[[77.197000875116,28.4000012022084],[77.24799957081777,28.40000126643822],[77.24799957081777,28.639998953729645],[77.197000875116,28.63999895940277],[77.14600216572963,28.63999893985843],[77.14600216572963,28.400001253722756],[77.197000875116,28.4000012022084]]]}",delhi_features
4,301.1566155194777,-0.0361663435576717,0.3068386620604915,-0.350283661802224,Z5,"{""type"":""Polygon"",""coordinates"":[[[77.29900055894986,28.400001242195735],[77.35000158492622,28.400001194276776],[77.35000158492622,28.639998935500326],[77.29900055894986,28.63999898298557],[77.24799957081777,28.639998953729645],[77.24799957081777,28.40000126643822],[77.29900055894986,28.400001242195735]]]}",delhi_features
5,308.92062271262955,-0.0235966677471511,0.3603162826094147,-0.4228755093177871,Z6,"{""type"":""Polygon"",""coordinates"":[[[76.89099952366062,28.63999893269861],[76.94199828453203,28.639998981135705],[76.94199828453203,28.880001142530944],[76.89099952366062,28.88000119998277],[76.84000075480982,28.880001165751548],[76.84000075480982,28.639998933689277],[76.89099952366062,28.63999893269861]]]}",delhi_features
6,301.7456800171963,-0.0297848921873058,0.3594078170902707,-0.4139698959763844,Z7,"{""type"":""Polygon"",""coordinates"":[[[76.9929992638011,28.63999896259588],[77.04400020351113,28.639998935074438],[77.04400020351113,28.88000116345071],[76.9929992638011,28.88000114061013],[76.94199828453203,28.880001142530944],[76.94199828453203,28.639998981135705],[76.9929992638011,28.63999896259588]]]}",delhi_features
7,301.0169085403407,0.0009566422598910116,0.2656937358429926,-0.3275846339196061,Z8,"{""type"":""Polygon"",""coordinates"":[[[77.09500113219225,28.639999005659874],[77.14600216572963,28.63999893985843],[77.14600216572963,28.88000119595669],[77.09500113219225,28.880001143447885],[77.04400020351113,28.88000116345071],[77.04400020351113,28.639998935074438],[77.09500113219225,28.639999005659874]]]}",delhi_features
8,301.066734692591,-0.0315977137931587,0.3010572384771739,-0.3430683954153141,Z9,"{""type"":""Polygon"",""coordinates"":[[[77.197000875116,28.63999895940277],[77.24799957081777,28.639998953729645],[77.24799957081777,28.880001196125324],[77.197000875116,28.88000119154864],[77.14600216572963,28.88000119595669],[77.14600216572963,28.63999893985843],[77.197000875116,28.63999895940277]]]}",delhi_features
9,302.3565022629941,0.0027439688930417,0.2742036886681595,-0.3386426675951033,Z10,"{""type"":""Polygon"",""coordinates"":[[[77.29900055894986,28.63999898298557],[77.35000158492622,28.639998935500326],[77.35000158492622,28.88000112956735],[77.29900055894986,28.88000118396684],[77.24799957081777,28.880001196125324],[77.24799957081777,28.639998953729645],[77.29900055894986,28.63999898298557]]]}",delhi_features
0,307.4199244503272,0.0306776426416568,0.2539473941539771,-0.3130664291630464,Z1,"{""type"":""Polygon"",""coordinates"":[[[78.3800003784321,17.300001100243428],[78.3800003784321,17.450000768699528],[78.29999966915584,17.45000084831652],[78.29999966915584,17.300001139474084],[78.3800003784321,17.300001100243428]]]}",hyderabad_features
1,306.8204511776133,0.0215546255488444,0.2688037554385784,-0.3245656460245161,Z2,"{""type"":""Polygon"",""coordinates"":[[[78.46000108025841,17.300001090066623],[78.46000108025841,17.450000837772027],[78.3800003784321,17.450000768699528],[78.3800003784321,17.300001100243428],[78.46000108025841,17.300001090066623]]]}",hyderabad_features
2,306.8474230106083,0.0025707528288976,0.2222779999842927,-0.2672741978204459,Z3,"{""type"":""Polygon"",""coordinates"":[[[78.54000186464977,17.30000115468713],[78.54000186464977,17.450000834989922],[78.46000108025841,17.450000837772027],[78.46000108025841,17.300001090066623],[78.54000186464977,17.30000115468713]]]}",hyderabad_features
3,308.0283361991408,0.0397622803131143,0.2914892708615263,-0.3681962718819504,Z4,"{""type"":""Polygon"",""coordinates"":[[[78.61999814249717,17.30000107202228],[78.61999814249717,17.450000803194648],[78.54000186464977,17.450000834989922],[78.54000186464977,17.30000115468713],[78.61999814249717,17.30000107202228]]]}",hyderabad_features
4,308.4758538621264,0.0286022298807821,0.3594863912212998,-0.4385196049499572,Z5,"{""type"":""Polygon"",""coordinates"":[[[78.69999883462852,17.3000011271061],[78.69999883462852,17.450000853620047],[78.61999814249717,17.450000803194648],[78.61999814249717,17.30000107202228],[78.69999883462852,17.3000011271061]]]}",hyderabad_features
5,307.73986530689007,0.0487854026782618,0.2628327844798255,-0.3410538477025492,Z6,"{""type"":""Polygon"",""coordinates"":[[[78.3800003784321,17.450000768699528],[78.3800003784321,17.600000481302104],[78.29999966915584,17.6000004925567],[78.29999966915584,17.45000084831652],[78.3800003784321,17.450000768699528]]]}",hyderabad_features
6,307.46469210213974,0.0483974632193977,0.2712161301988069,-0.3500515005458824,Z7,"{""type"":""Polygon"",""coordinates"":[[[78.46000108025841,17.450000837772027],[78.46000108025841,17.600000472294163],[78.3800003784321,17.600000481302104],[78.3800003784321,17.450000768699528],[78.46000108025841,17.450000837772027]]]}",hyderabad_features
7,306.9787132766039,0.03918255244325,0.3206656485174132,-0.4037787723535295,Z8,"{""type"":""Polygon"",""coordinates"":[[[78.54000186464977,17.450000834989922],[78.54000186464977,17.60000051188324],[78.46000108025841,17.600000472294163],[78.46000108025841,17.450000837772027],[78.54000186464977,17.450000834989922]]]}",hyderabad_features
8,307.25255780599895,0.0587968249462008,0.3118114661296443,-0.4008169528100763,Z9,"{""type"":""Polygon"",""coordinates"":[[[78.61999814249717,17.450000803194648],[78.61999814249717,17.600000552470696],[78.54000186464977,17.60000051188324],[78.54000186464977,17.450000834989922],[78.61999814249717,17.450000803194648]]]}",hyderabad_features
9,308.95777252845147,0.0861694474123315,0.3036235893690664,-0.4171868540521476,Z10,"{""type"":""Polygon"",""coordinates"":[[[78.69999883462852,17.450000853620047],[78.69999883462852,17.60000053121498],[78.61999814249717,17.600000552470696],[78.61999814249717,17.450000803194648],[78.69999883462852,17.450000853620047]]]}",hyderabad_features
0,305.9677241771984,-0.0357127184108993,0.359184265449971,-0.437456465926942,Z1,"{""type"":""Polygon"",""coordinates"":[[[75.74000073040688,22.59999947203729],[75.78000107475978,22.599999461359594],[75.78000107475978,22.799999004473595],[75.74000073040688,22.79999900433854],[75.70000036894523,22.79999903181466],[75.70000036894523,22.59999940950928],[75.74000073040688,22.59999947203729]]]}",indore_features
1,306.7161047468957,-0.0122001792111309,0.3000880350563392,-0.3782837455170821,Z2,"{""type"":""Polygon"",""coordinates"":[[[75.82000151171877,22.599999484039053],[75.86000188481238,22.59999944486859],[75.86000188481238,22.79999904569321],[75.82000151171877,22.799999050004832],[75.78000107475978,22.799999004473595],[75.78000107475978,22.599999461359594],[75.82000151171877,22.599999484039053]]]}",indore_features
2,306.7723914945717,-0.0309147104322554,0.3109937489027386,-0.3810773084379419,Z3,"{""type"":""Polygon"",""coordinates"":[[[75.89999999928615,22.599999422910066],[75.93999809268459,22.599999448644745],[75.93999809268459,22.799999063698277],[75.89999999928615,22.799999069259567],[75.86000188481238,22.79999904569321],[75.86000188481238,22.59999944486859],[75.89999999928615,22.599999422910066]]]}",indore_features
3,308.8211140282865,-0.0279915089627717,0.3539015153718441,-0.4360601490145238,Z4,"{""type"":""Polygon"",""coordinates"":[[[75.97999848846472,22.599999468719574],[76.01999881427406,22.59999945735246],[76.01999881427406,22.799999049244505],[75.97999848846472,22.799999066099595],[75.93999809268459,22.799999063698277],[75.93999809268459,22.599999448644745],[75.97999848846472,22.599999468719574]]]}",indore_features
4,308.44113447011927,-0.0400233413033535,0.3688003739923099,-0.4408114122506983,Z5,"{""type"":""Polygon"",""coordinates"":[[[76.05999917897469,22.599999431832202],[76.09999960268559,22.599999401518794],[76.09999960268559,22.799999019405806],[76.05999917897469,22.79999903053909],[76.01999881427406,22.799999049244505],[76.01999881427406,22.59999945735246],[76.05999917897469,22.599999431832202]]]}",indore_features
5,306.9803017200744,-0.0115631757578642,0.3336923306092194,-0.4179236399975836,Z6,"{""type"":""Polygon"",""coordinates"":[[[75.74000073040688,22.79999900433854],[75.78000107475978,22.799999004473595],[75.78000107475978,22.999998662414054],[75.74000073040688,22.99999860073009],[75.70000036894523,22.99999866757256],[75.70000036894523,22.79999903181466],[75.74000073040688,22.79999900433854]]]}",indore_features
6,306.0255055082052,-0.0251038722533934,0.3585756948259533,-0.4430515437323203,Z7,"{""type"":""Polygon"",""coordinates"":[[[75.82000151171877,22.799999050004832],[75.86000188481238,22.79999904569321],[75.86000188481238,22.999998685380476],[75.82000151171877,22.999998603860046],[75.78000107475978,22.999998662414054],[75.78000107475978,22.799999004473595],[75.82000151171877,22.799999050004832]]]}",indore_features
7,307.48105087054824,-0.023990027966671,0.3564113319088847,-0.4435459596011569,Z8,"{""type"":""Polygon"",""coordinates"":[[[75.89999999928615,22.799999069259567],[75.93999809268459,22.799999063698277],[75.93999809268459,22.99999864211597],[75.89999999928615,22.999998627730005],[75.86000188481238,22.999998685380476],[75.86000188481238,22.79999904569321],[75.89999999928615,22.799999069259567]]]}",indore_features
8,307.44613013917865,-0.0361290013902744,0.359334942196694,-0.4331902447476399,Z9,"{""type"":""Polygon"",""coordinates"":[[[75.97999848846472,22.799999066099595],[76.01999881427406,22.799999049244505],[76.01999881427406,22.99999861841339],[75.97999848846472,22.99999867821334],[75.93999809268459,22.99999864211597],[75.93999809268459,22.799999063698277],[75.97999848846472,22.799999066099595]]]}",indore_features
9,308.22633641410926,-0.0527159397386018,0.3554665788654517,-0.4390293867724313,Z10,"{""type"":""Polygon"",""coordinates"":[[[76.05999917897469,22.79999903053909],[76.09999960268559,22.799999019405806],[76.09999960268559,22.99999862895455],[76.05999917897469,22.999998658140242],[76.01999881427406,22.99999861841339],[76.01999881427406,22.799999049244505],[76.05999917897469,22.79999903053909]]]}",indore_features
0,309.2022179016516,0.1019733141772316,0.2365908789840818,-0.3751905564959364,Z1,"{""type"":""Polygon"",""coordinates"":[[[75.64000097463702,26.750000060724965],[75.6800012791375,26.750000077420548],[75.6800012791375,26.925001905275103],[75.64000097463702,26.925001993241022],[75.60000055547691,26.925001934441703],[75.60000055547691,26.75000005037915],[75.64000097463702,26.750000060724965]]]}",jaipur_features
1,306.7540486123327,0.0604282232882197,0.2662626151071874,-0.3708173033935006,Z2,"{""type"":""Polygon"",""coordinates"":[[[75.72000166787484,26.750000041716017],[75.76000207327802,26.750000043347313],[75.76000207327802,26.925001994084802],[75.72000166787484,26.925001963559996],[75.6800012791375,26.925001905275103],[75.6800012791375,26.750000077420548],[75.72000166787484,26.750000041716017]]]}",jaipur_features
2,305.5692947105091,0.0410433113625126,0.25432861305304,-0.3295199036829346,Z3,"{""type"":""Polygon"",""coordinates"":[[[75.80000021058267,26.750000034649915],[75.83999831919462,26.75000007748974],[75.83999831919462,26.92500197632252],[75.80000021058267,26.92500194801138],[75.76000207327802,26.925001994084802],[75.76000207327802,26.750000043347313],[75.80000021058267,26.750000034649915]]]}",jaipur_features
3,306.8629183945837,0.0620801536598883,0.2764981270187864,-0.3831895639726036,Z4,"{""type"":""Polygon"",""coordinates"":[[[75.8799987245313,26.750000063605174],[75.91999905286957,26.750000112286052],[75.91999905286957,26.925001965444704],[75.8799987245313,26.925001972130218],[75.83999831919462,26.92500197632252],[75.83999831919462,26.75000007748974],[75.8799987245313,26.750000063605174]]]}",jaipur_features
4,307.5472850545038,0.0744962261916434,0.2703117421136691,-0.3965606459997908,Z5,"{""type"":""Polygon"",""coordinates"":[[[75.95999941345487,26.75000006712375],[75.99999973816823,26.750000105897836],[75.99999973816823,26.92500191752381],[75.95999941345487,26.925001975996636],[75.91999905286957,26.925001965444704],[75.91999905286957,26.750000112286052],[75.95999941345487,26.75000006712375]]]}",jaipur_features
5,306.7616167491324,0.0595028036911311,0.2998101737385997,-0.4244839772607647,Z6,"{""type"":""Polygon"",""coordinates"":[[[75.64000097463702,26.925001993241022],[75.6800012791375,26.925001905275103],[75.6800012791375,27.09999938872015],[75.64000097463702,27.099999417013805],[75.60000055547691,27.099999409163363],[75.60000055547691,26.925001934441703],[75.64000097463702,26.925001993241022]]]}",jaipur_features
6,306.17604915783573,0.0540204662634086,0.2837070668474338,-0.392266929858039,Z7,"{""type"":""Polygon"",""coordinates"":[[[75.72000166787484,26.925001963559996],[75.76000207327802,26.925001994084802],[75.76000207327802,27.09999940169848],[75.72000166787484,27.09999935374241],[75.6800012791375,27.09999938872015],[75.6800012791375,26.925001905275103],[75.72000166787484,26.925001963559996]]]}",jaipur_features
7,305.6651760194528,0.0498850695645371,0.2953691749154571,-0.3917479657326311,Z8,"{""type"":""Polygon"",""coordinates"":[[[75.80000021058267,26.92500194801138],[75.83999831919462,26.92500197632252],[75.83999831919462,27.099999397257065],[75.80000021058267,27.099999394787204],[75.76000207327802,27.09999940169848],[75.76000207327802,26.925001994084802],[75.80000021058267,26.92500194801138]]]}",jaipur_features
8,305.478466108152,0.0414821091932356,0.3367429363901861,-0.4308703440947052,Z9,"{""type"":""Polygon"",""coordinates"":[[[75.8799987245313,26.925001972130218],[75.91999905286957,26.925001965444704],[75.91999905286957,27.09999940610134],[75.8799987245313,27.09999939144116],[75.83999831919462,27.099999397257065],[75.83999831919462,26.92500197632252],[75.8799987245313,26.925001972130218]]]}",jaipur_features
9,306.23263066498623,0.0636174465045508,0.3005997482265508,-0.421053504617674,Z10,"{""type"":""Polygon"",""coordinates"":[[[75.95999941345487,26.925001975996636],[75.99999973816823,26.92500191752381],[75.99999973816823,27.099999382219767],[75.95999941345487,27.09999937315752],[75.91999905286957,27.09999940610134],[75.91999905286957,26.925001965444704],[75.95999941345487,26.925001975996636]]]}",jaipur_features
0,,-0.0383657176108065,0.3460563011900119,-0.4048056505472539,Z1,"{""type"":""Polygon"",""coordinates"":[[[80.26000200905669,26.30000096105001],[80.26000200905669,26.42499845339686],[80.20000032259412,26.42499849824685],[80.20000032259412,26.300000987555936],[80.26000200905669,26.30000096105001]]]}",kanpur_features
1,,-0.0228354501176471,0.3163220085962704,-0.3748725858612037,Z2,"{""type"":""Polygon"",""coordinates"":[[[80.31999916095003,26.300000995971626],[80.31999916095003,26.42499845774166],[80.26000200905669,26.42499845339686],[80.26000200905669,26.30000096105001],[80.31999916095003,26.300000995971626]]]}",kanpur_features
2,,-0.0183450560980285,0.3094675422450516,-0.3630110586568988,Z3,"{""type"":""Polygon"",""coordinates"":[[[80.38000085238967,26.300000925250615],[80.38000085238967,26.42499852504799],[80.31999916095003,26.42499845774166],[80.31999916095003,26.300000995971626],[80.38000085238967,26.300000925250615]]]}",kanpur_features
3,,-0.027929027733828,0.3395213639538591,-0.3812431502643217,Z4,"{""type"":""Polygon"",""coordinates"":[[[80.43999805042311,26.300000960385034],[80.43999805042311,26.42499850779653],[80.38000085238967,26.42499852504799],[80.38000085238967,26.300000925250615],[80.43999805042311,26.300000960385034]]]}",kanpur_features
4,,-0.0396552515790009,0.3546747334238757,-0.3909399589330579,Z5,"{""type"":""Polygon"",""coordinates"":[[[80.49999972911418,26.300001008625983],[80.49999972911418,26.42499849395884],[80.43999805042311,26.42499850779653],[80.43999805042311,26.300000960385034],[80.49999972911418,26.300001008625983]]]}",kanpur_features
5,,-0.0054966919369227,0.2906766080513591,-0.3420629774948486,Z6,"{""type"":""Polygon"",""coordinates"":[[[80.26000200905669,26.42499845339686],[80.26000200905669,26.55000049531221],[80.20000032259412,26.550000475409632],[80.20000032259412,26.42499849824685],[80.26000200905669,26.42499845339686]]]}",kanpur_features
6,,-0.0363492375131021,0.2939175039658609,-0.324395507376565,Z7,"{""type"":""Polygon"",""coordinates"":[[[80.31999916095003,26.42499845774166],[80.31999916095003,26.55000046314648],[80.26000200905669,26.55000049531221],[80.26000200905669,26.42499845339686],[80.31999916095003,26.42499845774166]]]}",kanpur_features
7,,-0.0139782098845812,0.2949347524434442,-0.3372218594502537,Z8,"{""type"":""Polygon"",""coordinates"":[[[80.38000085238967,26.42499852504799],[80.38000085238967,26.550000484178604],[80.31999916095003,26.55000046314648],[80.31999916095003,26.42499845774166],[80.38000085238967,26.42499852504799]]]}",kanpur_features
8,,-0.0189028945520869,0.3173814404307591,-0.3649624533963576,Z9,"{""type"":""Polygon"",""coordinates"":[[[80.43999805042311,26.42499850779653],[80.43999805042311,26.550000497810995],[80.38000085238967,26.550000484178604],[80.38000085238967,26.42499852504799],[80.43999805042311,26.42499850779653]]]}",kanpur_features
9,313.73700411096377,-0.0145954032962732,0.3322199861605199,-0.3794710377982891,Z10,"{""type"":""Polygon"",""coordinates"":[[[80.49999972911418,26.42499849395884],[80.49999972911418,26.550000505234376],[80.43999805042311,26.550000497810995],[80.43999805042311,26.42499850779653],[80.49999972911418,26.42499849395884]]]}",kanpur_features
0,297.3405971737018,-0.1794740867713162,0.43753247717056,-0.4132847777481375,Z1,"{""type"":""Polygon"",""coordinates"":[[[88.25999933223706,22.44999972401687],[88.25999933223706,22.57500170540009],[88.20000214553644,22.57500174381237],[88.20000214553644,22.449999777034165],[88.25999933223706,22.44999972401687]]]}",kolkata_features
1,298.43317224971133,-0.0789171210392961,0.3732662252228712,-0.3776021691381901,Z2,"{""type"":""Polygon"",""coordinates"":[[[88.32000105210311,22.449999783717576],[88.32000105210311,22.575001680691184],[88.25999933223706,22.57500170540009],[88.25999933223706,22.44999972401687],[88.32000105210311,22.449999783717576]]]}",kolkata_features
2,299.25386144595745,-0.0200261234028703,0.2990837565944707,-0.3224871118823295,Z3,"{""type"":""Polygon"",""coordinates"":[[[88.37999820761097,22.449999772274126],[88.37999820761097,22.575001758153544],[88.32000105210311,22.575001680691184],[88.32000105210311,22.449999783717576],[88.37999820761097,22.449999772274126]]]}",kolkata_features
3,297.76685986895694,-0.1350492047274012,0.3611245325629353,-0.34490568738669,Z4,"{""type"":""Polygon"",""coordinates"":[[[88.4399998642475,22.449999784677345],[88.4399998642475,22.575001760461625],[88.37999820761097,22.575001758153544],[88.37999820761097,22.449999772274126],[88.4399998642475,22.449999784677345]]]}",kolkata_features
4,297.1804630272605,-0.228445458225872,0.3949447033514586,-0.3468879838815704,Z5,"{""type"":""Polygon"",""coordinates"":[[[88.50000159499916,22.449999777707202],[88.50000159499916,22.575001735114373],[88.4399998642475,22.575001760461625],[88.4399998642475,22.449999784677345],[88.50000159499916,22.449999777707202]]]}",kolkata_features
5,298.54721657461795,-0.1025303499848972,0.5060460551242905,-0.4922392861656369,Z6,"{""type"":""Polygon"",""coordinates"":[[[88.25999933223706,22.57500170540009],[88.25999933223706,22.69999928443452],[88.20000214553644,22.699999220216544],[88.20000214553644,22.57500174381237],[88.25999933223706,22.57500170540009]]]}",kolkata_features
6,298.39331321896213,-0.1004994471241652,0.4538958876180964,-0.4452856747006825,Z7,"{""type"":""Polygon"",""coordinates"":[[[88.32000105210311,22.575001680691184],[88.32000105210311,22.699999263463233],[88.25999933223706,22.69999928443452],[88.25999933223706,22.57500170540009],[88.32000105210311,22.575001680691184]]]}",kolkata_features
7,299.0957844475929,-0.0719196993355942,0.223072094793602,-0.239457360314504,Z8,"{""type"":""Polygon"",""coordinates"":[[[88.37999820761097,22.575001758153544],[88.37999820761097,22.699999245337448],[88.32000105210311,22.699999263463233],[88.32000105210311,22.575001680691184],[88.37999820761097,22.575001758153544]]]}",kolkata_features
8,298.3783190993432,-0.0290153230114455,0.3324170550666447,-0.3462358765131256,Z9,"{""type"":""Polygon"",""coordinates"":[[[88.4399998642475,22.575001760461625],[88.4399998642475,22.699999234974616],[88.37999820761097,22.699999245337448],[88.37999820761097,22.575001758153544],[88.4399998642475,22.575001760461625]]]}",kolkata_features
9,298.26516997371,-0.0782672843820573,0.4406477296205964,-0.4346835315003889,Z10,"{""type"":""Polygon"",""coordinates"":[[[88.50000159499916,22.575001735114373],[88.50000159499916,22.69999927967918],[88.4399998642475,22.699999234974616],[88.4399998642475,22.575001760461625],[88.50000159499916,22.575001735114373]]]}",kolkata_features
0,,-0.0912071349015155,0.4758192509050516,-0.4720205958403159,Z1,"{""type"":""Polygon"",""coordinates"":[[[80.81999817418624,26.750000098778504],[80.81999817418624,26.8999997336134],[80.74999921962282,26.8999997790171],[80.74999921962282,26.750000113394186],[80.81999817418624,26.750000098778504]]]}",lucknow_features
1,,-0.0097854745339001,0.33213696297171,-0.3647388987357044,Z2,"{""type"":""Polygon"",""coordinates"":[[[80.89000159536415,26.750000033055173],[80.89000159536415,26.899999743379517],[80.81999817418624,26.8999997336134],[80.81999817418624,26.750000098778504],[80.89000159536415,26.750000033055173]]]}",lucknow_features
2,,0.0009565698722711615,0.2611764748485812,-0.2965317969129004,Z3,"{""type"":""Polygon"",""coordinates"":[[[80.96000057984199,26.75000008157383],[80.96000057984199,26.89999979293399],[80.89000159536415,26.899999743379517],[80.89000159536415,26.750000033055173],[80.96000057984199,26.75000008157383]]]}",lucknow_features
3,284.2180033423767,0.0099696110572592,0.2813215324850609,-0.3205579920567454,Z4,"{""type"":""Polygon"",""coordinates"":[[[81.02999956757874,26.75000011534578],[81.02999956757873,26.89999975476672],[80.96000057984199,26.89999979293399],[80.96000057984199,26.75000008157383],[81.02999956757874,26.75000011534578]]]}",lucknow_features
4,300.019704011001,-0.0344853716898975,0.3865237278082231,-0.4054023467041722,Z5,"{""type"":""Polygon"",""coordinates"":[[[81.0999985185246,26.750000070661834],[81.0999985185246,26.89999974348942],[81.02999956757873,26.89999975476672],[81.02999956757874,26.75000011534578],[81.0999985185246,26.750000070661834]]]}",lucknow_features
5,,-0.1058838758574001,0.5268726534264742,-0.5117675987625884,Z6,"{""type"":""Polygon"",""coordinates"":[[[80.81999817418624,26.8999997336134],[80.81999817418624,27.049999486603028],[80.74999921962282,27.049999482505406],[80.74999921962282,26.8999997790171],[80.81999817418624,26.8999997336134]]]}",lucknow_features
6,,-0.0480760373103911,0.4249883654160282,-0.4473921588516877,Z7,"{""type"":""Polygon"",""coordinates"":[[[80.89000159536415,26.899999743379517],[80.89000159536415,27.049999474082423],[80.81999817418624,27.049999486603028],[80.81999817418624,26.8999997336134],[80.89000159536415,26.899999743379517]]]}",lucknow_features
7,,-0.0158909508296583,0.3465248308899878,-0.3878666466178297,Z8,"{""type"":""Polygon"",""coordinates"":[[[80.96000057984199,26.89999979293399],[80.96000057984199,27.049999427043492],[80.89000159536415,27.049999474082423],[80.89000159536415,26.899999743379517],[80.96000057984199,26.89999979293399]]]}",lucknow_features
8,,-0.0342491291533759,0.3832534256672218,-0.4110677619798271,Z9,"{""type"":""Polygon"",""coordinates"":[[[81.02999956757873,26.89999975476672],[81.02999956757874,27.04999948654371],[80.96000057984199,27.049999427043492],[80.96000057984199,26.89999979293399],[81.02999956757873,26.89999975476672]]]}",lucknow_features
9,295.3472443500696,-0.0661101537307742,0.4046643011296399,-0.4181272291069308,Z10,"{""type"":""Polygon"",""coordinates"":[[[81.0999985185246,26.89999974348942],[81.0999985185246,27.0499995001678],[81.02999956757874,27.04999948654371],[81.02999956757873,26.89999975476672],[81.0999985185246,26.89999974348942]]]}",lucknow_features
0,305.7035079599092,0.0496646610074023,0.2514766209689857,-0.3100921668863737,Z1,"{""type"":""Polygon"",""coordinates"":[[[73.76400143465389,18.379999871170828],[73.76400143465389,18.449998826992502],[73.74999982887877,18.449998844662662],[73.74999982887877,18.379999825031273],[73.76400143465389,18.379999871170828]]]}",mumbai_features
1,306.1156221744711,0.0351406999976341,0.2899273341465577,-0.3506026540045628,Z2,"{""type"":""Polygon"",""coordinates"":[[[73.77799847097619,18.37999983718417],[73.77799847097619,18.44999881228124],[73.76400143465389,18.449998826992502],[73.76400143465389,18.379999871170828],[73.77799847097619,18.37999983718417]]]}",mumbai_features
2,306.4986553961634,0.0781951291976986,0.3215756189900838,-0.428079017951993,Z3,"{""type"":""Polygon"",""coordinates"":[[[73.79200009178608,18.379999818064455],[73.79200009178608,18.449998810126765],[73.77799847097619,18.44999881228124],[73.77799847097619,18.37999983718417],[73.79200009178608,18.379999818064455]]]}",mumbai_features
3,307.36428307018565,0.0816902409341779,0.2873262291165163,-0.3976780006462065,Z4,"{""type"":""Polygon"",""coordinates"":[[[73.80600162611299,18.37999984629191],[73.80600162611299,18.449998851778787],[73.79200009178608,18.449998810126765],[73.79200009178608,18.379999818064455],[73.80600162611299,18.37999984629191]]]}",mumbai_features
4,306.84295914129643,0.0773140435741899,0.2558767313224512,-0.3706488657844017,Z5,"{""type"":""Polygon"",""coordinates"":[[[73.81999876329446,18.37999981151146],[73.81999876329446,18.449998825719046],[73.80600162611299,18.449998851778787],[73.80600162611299,18.37999984629191],[73.81999876329446,18.37999981151146]]]}",mumbai_features
5,307.8570217285808,0.0932006583071872,0.288564622639955,-0.3890373546710832,Z6,"{""type"":""Polygon"",""coordinates"":[[[73.76400143465389,18.449998826992502],[73.76400143465389,18.519997779493778],[73.74999982887877,18.519997776503974],[73.74999982887877,18.449998844662662],[73.76400143465389,18.449998826992502]]]}",mumbai_features
6,307.2802432830978,0.0689830142924738,0.2741804973223189,-0.3668236598192459,Z7,"{""type"":""Polygon"",""coordinates"":[[[73.77799847097619,18.44999881228124],[73.77799847097619,18.519997780706742],[73.76400143465389,18.519997779493778],[73.76400143465389,18.449998826992502],[73.77799847097619,18.44999881228124]]]}",mumbai_features
7,307.813049539871,0.0787584908234937,0.2475744796486849,-0.3418365516518402,Z8,"{""type"":""Polygon"",""coordinates"":[[[73.79200009178608,18.449998810126765],[73.79200009178608,18.519997792167175],[73.77799847097619,18.519997780706742],[73.77799847097619,18.44999881228124],[73.79200009178608,18.449998810126765]]]}",mumbai_features
8,307.3566015104365,0.0405515620555434,0.2458187500335314,-0.3170050457394184,Z9,"{""type"":""Polygon"",""coordinates"":[[[73.80600162611299,18.449998851778787],[73.80600162611299,18.519997756013968],[73.79200009178608,18.519997792167175],[73.79200009178608,18.449998810126765],[73.80600162611299,18.449998851778787]]]}",mumbai_features
9,306.1035119182399,0.0104087307979169,0.2561506872809024,-0.3098244735729224,Z10,"{""type"":""Polygon"",""coordinates"":[[[73.81999876329446,18.449998825719046],[73.81999876329446,18.519997823208755],[73.80600162611299,18.519997756013968],[73.80600162611299,18.449998851778787],[73.81999876329446,18.449998825719046]]]}",mumbai_features
0,307.74779608402457,-0.0189090997135896,0.389384040067348,-0.4603693108740736,Z1,"{""type"":""Polygon"",""coordinates"":[[[78.89499980319687,20.999998146439335],[78.94000107382202,20.999998179744427],[78.94000107382202,21.149997884412073],[78.89499980319687,21.149997882613686],[78.8499985651889,21.149997847210482],[78.8499985651889,20.999998151078863],[78.89499980319687,20.999998146439335]]]}",nagpur_features
1,308.4150106162623,0.0124557737579982,0.3360946794582887,-0.4190325927015386,Z2,"{""type"":""Polygon"",""coordinates"":[[[78.98500002390028,20.99999819540813],[79.02999904725039,20.999998179043775],[79.02999904725039,21.14999787361377],[78.98500002390028,21.149997885893825],[78.94000107382202,21.149997884412073],[78.94000107382202,20.999998179744427],[78.98500002390028,20.99999819540813]]]}",nagpur_features
2,307.73095569619045,0.0210788518787486,0.3114115065174459,-0.3798987395596802,Z3,"{""type"":""Polygon"",""coordinates"":[[[79.0750003605514,20.999998191851425],[79.12000160989884,20.99999817814699],[79.12000160989884,21.149997847685285],[79.0750003605514,21.149997909640067],[79.02999904725039,21.14999787361377],[79.02999904725039,20.999998179043775],[79.0750003605514,20.999998191851425]]]}",nagpur_features
3,308.6703057379744,-0.0103817207765561,0.3589657934536233,-0.4105595621879049,Z4,"{""type"":""Polygon"",""coordinates"":[[[79.16500061774585,20.999998185882564],[79.20999960002473,20.99999818644176],[79.20999960002473,21.149997902727343],[79.16500061774585,21.149997914482338],[79.12000160989884,21.149997847685285],[79.12000160989884,20.99999817814699],[79.16500061774585,20.999998185882564]]]}",nagpur_features
4,307.3383863826475,-0.0828154044716142,0.4662835771796286,-0.4906925704714853,Z5,"{""type"":""Polygon"",""coordinates"":[[[79.25500085419186,20.999998153858016],[79.30000211559067,20.99999822014833],[79.30000211559067,21.149997879031144],[79.25500085419186,21.14999787709769],[79.20999960002473,21.149997902727343],[79.20999960002473,20.99999818644176],[79.25500085419186,20.999998153858016]]]}",nagpur_features
5,307.31876534904063,-0.054948691228229,0.4467207763739779,-0.4911425081715486,Z6,"{""type"":""Polygon"",""coordinates"":[[[78.89499980319687,21.149997882613686],[78.94000107382202,21.149997884412073],[78.94000107382202,21.300001998524497],[78.89499980319687,21.30000205141077],[78.8499985651889,21.300001999227792],[78.8499985651889,21.149997847210482],[78.89499980319687,21.149997882613686]]]}",nagpur_features
6,307.65289316965175,-0.019524055288872,0.4080990261251316,-0.4703775230920176,Z7,"{""type"":""Polygon"",""coordinates"":[[[78.98500002390028,21.149997885893825],[79.02999904725039,21.14999787361377],[79.02999904725039,21.300002021327273],[78.98500002390028,21.300002052491607],[78.94000107382202,21.300001998524497],[78.94000107382202,21.149997884412073],[78.98500002390028,21.149997885893825]]]}",nagpur_features
7,306.2355000146497,-0.0145100766596665,0.363669203577573,-0.4059832289687771,Z8,"{""type"":""Polygon"",""coordinates"":[[[79.0750003605514,21.149997909640067],[79.12000160989884,21.149997847685285],[79.12000160989884,21.30000201448505],[79.0750003605514,21.300002057700553],[79.02999904725039,21.300002021327273],[79.02999904725039,21.14999787361377],[79.0750003605514,21.149997909640067]]]}",nagpur_features
8,306.65822241167336,-0.0153885578545222,0.3952466855165589,-0.4283557413734871,Z9,"{""type"":""Polygon"",""coordinates"":[[[79.16500061774585,21.149997914482338],[79.20999960002473,21.149997902727343],[79.20999960002473,21.300002071033134],[79.16500061774585,21.30000202789523],[79.12000160989884,21.30000201448505],[79.12000160989884,21.149997847685285],[79.16500061774585,21.149997914482338]]]}",nagpur_features
9,305.21489993597646,-0.1101435705873637,0.5118831713942117,-0.5125254767054344,Z10,"{""type"":""Polygon"",""coordinates"":[[[79.25500085419186,21.14999787709769],[79.30000211559067,21.149997879031144],[79.30000211559067,21.30000203487277],[79.25500085419186,21.300002029877973],[79.20999960002473,21.300002071033134],[79.20999960002473,21.149997902727343],[79.25500085419186,21.14999787709769]]]}",nagpur_features
0,307.1113173962815,0.0434788132581917,0.2997137090305718,-0.3769664659244645,Z1,"{""type"":""Polygon"",""coordinates"":[[[73.81999876329446,18.37999981151146],[73.81999876329446,18.519997823208755],[73.74999982887877,18.519997776503974],[73.74999982887877,18.379999825031273],[73.81999876329446,18.37999981151146]]]}",pune_features
1,307.5285710063469,0.0345263605857649,0.2670136936460255,-0.3513989143870644,Z2,"{""type"":""Polygon"",""coordinates"":[[[73.89000222534351,18.379999828449453],[73.89000222534351,18.519997814315534],[73.81999876329446,18.519997823208755],[73.81999876329446,18.37999981151146],[73.89000222534351,18.379999828449453]]]}",pune_features
2,310.1261810367493,0.0426350763336561,0.2547752168333635,-0.3530983311750257,Z3,"{""type"":""Polygon"",""coordinates"":[[[73.96000117000168,18.379999837076255],[73.96000117000168,18.519997794356673],[73.89000222534351,18.519997814315534],[73.89000222534351,18.379999828449453],[73.96000117000168,18.379999837076255]]]}",pune_features
3,309.88575171439,-0.0103689939099918,0.3302234460312253,-0.4090926212888485,Z4,"{""type"":""Polygon"",""coordinates"":[[[74.03000019162782,18.37999983858856],[74.03000019162782,18.519997767177724],[73.96000117000168,18.519997794356673],[73.96000117000168,18.379999837076255],[74.03000019162782,18.37999983858856]]]}",pune_features
4,309.69621497752973,-0.0166496625969309,0.33115800119312,-0.4175576019761349,Z5,"{""type"":""Polygon"",""coordinates"":[[[74.09999912728527,18.379999860445878],[74.09999912728529,18.519997760386637],[74.03000019162782,18.519997767177724],[74.03000019162782,18.37999983858856],[74.09999912728527,18.379999860445878]]]}",pune_features
5,308.38288507954366,0.0255321469862846,0.2740626667316491,-0.3336487287432991,Z6,"{""type"":""Polygon"",""coordinates"":[[[73.81999876329446,18.519997823208755],[73.81999876329446,18.66000017423062],[73.74999982887877,18.66000022062794],[73.74999982887877,18.519997776503974],[73.81999876329446,18.519997823208755]]]}",pune_features
6,308.7646340086085,0.0257895089634857,0.2958169899990783,-0.3563222987536136,Z7,"{""type"":""Polygon"",""coordinates"":[[[73.89000222534351,18.519997814315534],[73.89000222534351,18.660000162239793],[73.81999876329446,18.66000017423062],[73.81999876329446,18.519997823208755],[73.89000222534351,18.519997814315534]]]}",pune_features
7,310.00079457981883,0.04017668410943,0.2689892219214647,-0.3517738684729727,Z8,"{""type"":""Polygon"",""coordinates"":[[[73.96000117000168,18.519997794356673],[73.96000117000168,18.660000136769856],[73.89000222534351,18.660000162239793],[73.89000222534351,18.519997814315534],[73.96000117000168,18.519997794356673]]]}",pune_features
8,310.246263926735,0.0158517500315998,0.2903919865054048,-0.370657427331804,Z9,"{""type"":""Polygon"",""coordinates"":[[[74.03000019162782,18.519997767177724],[74.03000019162782,18.660000192304736],[73.96000117000168,18.660000136769856],[73.96000117000168,18.519997794356673],[74.03000019162782,18.519997767177724]]]}",pune_features
9,310.292400179723,-0.0218331779974674,0.3333323995914133,-0.4049913913210979,Z10,"{""type"":""Polygon"",""coordinates"":[[[74.09999912728529,18.519997760386637],[74.09999912728527,18.660000180639045],[74.03000019162782,18.660000192304736],[74.03000019162782,18.519997767177724],[74.09999912728529,18.519997760386637]]]}",pune_features
0,308.4164934056709,-0.1260182145777418,0.2865575464710446,-0.3393101963999392,Z1,"{""type"":""Polygon"",""coordinates"":[[[72.70999919790215,21.099997938072764],[72.70999919790215,21.224999959558613],[72.6500020014233,21.22499993169516],[72.6500020014233,21.099997979343215],[72.70999919790215,21.099997938072764]]]}",surat_features
1,308.78406235862326,-0.0692965341469571,0.3813922576004939,-0.4272450073122325,Z2,"{""type"":""Polygon"",""coordinates"":[[[72.77000090351893,21.09999801072069],[72.77000090351893,21.224999989125063],[72.70999919790215,21.224999959558613],[72.70999919790215,21.099997938072764],[72.77000090351893,21.09999801072069]]]}",surat_features
2,309.2955598785936,-0.0217143797303198,0.2835976797729529,-0.3358541314513296,Z3,"{""type"":""Polygon"",""coordinates"":[[[72.8299980714329,21.09999798865362],[72.8299980714329,21.224999983338723],[72.77000090351893,21.224999989125063],[72.77000090351893,21.09999801072069],[72.8299980714329,21.09999798865362]]]}",surat_features
3,310.16415423703387,0.0053594237673841,0.2535584510264436,-0.3148974901795076,Z4,"{""type"":""Polygon"",""coordinates"":[[[72.88999978021023,21.09999796748522],[72.88999978021023,21.224999954425822],[72.8299980714329,21.224999983338723],[72.8299980714329,21.09999798865362],[72.88999978021023,21.09999796748522]]]}",surat_features
4,308.1676812059019,-0.0796597127845781,0.4633035918203222,-0.4842460368264482,Z5,"{""type"":""Polygon"",""coordinates"":[[[72.95000140212463,21.099997936583172],[72.95000140212463,21.224999977631864],[72.88999978021023,21.224999954425822],[72.88999978021023,21.09999796748522],[72.95000140212463,21.099997936583172]]]}",surat_features
5,309.24393661465814,-0.0348286229232625,0.3533348575724915,-0.4174951827899692,Z6,"{""type"":""Polygon"",""coordinates"":[[[72.70999919790215,21.224999959558613],[72.70999919790215,21.350001928163426],[72.6500020014233,21.35000195419828],[72.6500020014233,21.22499993169516],[72.70999919790215,21.224999959558613]]]}",surat_features
6,308.44989093714605,-0.0042886944431765,0.3460647149066709,-0.4232662537580077,Z7,"{""type"":""Polygon"",""coordinates"":[[[72.77000090351893,21.224999989125063],[72.77000090351893,21.350001967649206],[72.70999919790215,21.350001928163426],[72.70999919790215,21.224999959558613],[72.77000090351893,21.224999989125063]]]}",surat_features
7,308.0990216070467,-0.0640350444542511,0.4130225230218227,-0.4472859534541393,Z8,"{""type"":""Polygon"",""coordinates"":[[[72.8299980714329,21.224999983338723],[72.8299980714329,21.350001943321374],[72.77000090351893,21.350001967649206],[72.77000090351893,21.224999989125063],[72.8299980714329,21.224999983338723]]]}",surat_features
8,308.02372942815504,-0.0792726561092143,0.4282492524212037,-0.455103447799925,Z9,"{""type"":""Polygon"",""coordinates"":[[[72.88999978021023,21.224999954425822],[72.88999978021023,21.35000195998818],[72.8299980714329,21.350001943321374],[72.8299980714329,21.224999983338723],[72.88999978021023,21.224999954425822]]]}",surat_features
9,307.9255394992686,-0.0869471793903214,0.4388536182890968,-0.4622728751623631,Z10,"{""type"":""Polygon"",""coordinates"":[[[72.95000140212463,21.224999977631864],[72.95000140212463,21.35000191471254],[72.88999978021023,21.35000195998818],[72.88999978021023,21.224999954425822],[72.95000140212463,21.224999977631864]]]}",surat_features
0,308.1142387750236,-0.1214771358734504,0.5156973897610907,-0.5435853509953773,Z1,"{""type"":""Polygon"",""coordinates"":[[[73.02000042445346,22.200000253679107],[73.02000042445346,22.325002190210547],[72.95000140212463,22.32500220349411],[72.95000140212463,22.20000022156043],[73.02000042445346,22.200000253679107]]]}",vadodara_features
1,307.7578778950399,-0.1165358925564705,0.5360470909250569,-0.5510016352329562,Z2,"{""type"":""Polygon"",""coordinates"":[[[73.0899993808854,22.20000026951328],[73.0899993808854,22.325002183264086],[73.02000042445346,22.325002190210547],[73.02000042445346,22.200000253679107],[73.0899993808854,22.20000026951328]]]}",vadodara_features
2,309.0671264232082,-0.0719975799372351,0.4649338818292472,-0.4962742624154311,Z3,"{""type"":""Polygon"",""coordinates"":[[[73.15999829827662,22.20000023489386],[73.15999829827662,22.325002236842266],[73.0899993808854,22.325002183264086],[73.0899993808854,22.20000026951328],[73.15999829827662,22.20000023489386]]]}",vadodara_features
3,309.34325322634874,-0.0378314234111452,0.3549962474380984,-0.3982396724113392,Z4,"{""type"":""Polygon"",""coordinates"":[[[73.23000170282357,22.200000237004915],[73.23000170282357,22.32500217610994],[73.15999829827662,22.325002236842266],[73.15999829827662,22.20000023489386],[73.23000170282357,22.200000237004915]]]}",vadodara_features
4,310.2928618188499,-0.0164847796531086,0.3939120555616485,-0.4500256186607223,Z5,"{""type"":""Polygon"",""coordinates"":[[[73.30000070827495,22.2000002688222],[73.30000070827495,22.325002254421605],[73.23000170282357,22.32500217610994],[73.23000170282357,22.200000237004915],[73.30000070827495,22.2000002688222]]]}",vadodara_features
5,308.1789674054687,-0.1157789899829669,0.5382235289345526,-0.5663735807873954,Z6,"{""type"":""Polygon"",""coordinates"":[[[73.02000042445346,22.325002190210547],[73.02000042445346,22.449999752571966],[72.95000140212463,22.449999758588636],[72.95000140212463,22.32500220349411],[73.02000042445346,22.325002190210547]]]}",vadodara_features
6,307.6896337912392,-0.0802029775409825,0.4648545586709784,-0.4878590574832662,Z7,"{""type"":""Polygon"",""coordinates"":[[[73.0899993808854,22.325002183264086],[73.0899993808854,22.449999775712033],[73.02000042445346,22.449999752571966],[73.02000042445346,22.325002190210547],[73.0899993808854,22.325002183264086]]]}",vadodara_features
7,308.543216201311,-0.0648630366193831,0.4480829189501202,-0.4873547329382985,Z8,"{""type"":""Polygon"",""coordinates"":[[[73.15999829827662,22.325002236842266],[73.15999829827662,22.44999970618485],[73.0899993808854,22.449999775712033],[73.0899993808854,22.325002183264086],[73.15999829827662,22.325002236842266]]]}",vadodara_features
8,309.3178798438901,-0.0445859874436837,0.4238646107412036,-0.4666858915740163,Z9,"{""type"":""Polygon"",""coordinates"":[[[73.23000170282357,22.32500217610994],[73.23000170282357,22.44999972395041],[73.15999829827662,22.44999970618485],[73.15999829827662,22.325002236842266],[73.23000170282357,22.32500217610994]]]}",vadodara_features
9,310.20748192564605,0.0054132920775672,0.4271183864945654,-0.4858783941412088,Z10,"{""type"":""Polygon"",""coordinates"":[[[73.30000070827495,22.325002254421605],[73.30000070827495,22.449999725834992],[73.23000170282357,22.44999972395041],[73.23000170282357,22.32500217610994],[73.30000070827495,22.325002254421605]]]}",vadodara_features
