system:index,LST,NDBI,NDVI,NDWI,zone_id,.geo,city,ndvi_n,lst_n,ndbi_n,ndwi_n,tree_category,income_score,income_n,priority_score,water_ok,reason
6,309.6695849079288,0.0110130209072842,0.2220059231418535,-0.2836578433046117,Z7,"{""type"":""Polygon"",""coordinates"":[[[72.5700012861179,22.975000890432323],[72.5700012861179,23.099998460587155],[72.50999966230029,23.099998482302798],[72.50999966230029,22.9750009566224],[72.5700012861179,22.975000890432323]]]}",ahmedabad_features,0.413057581078612,0.8622101325542386,0.724712090029262,0.428267742859268,Medium,0.05808361216819946,0.9419163878318005,0.7458985755997987,True,"Low tree cover, High temperature, Dense urban area, Low income area"
8,310.246263926735,0.0158517500315998,0.2903919865054048,-0.370657427331804,Z9,"{""type"":""Polygon"",""coordinates"":[[[74.03000019162782,18.519997767177724],[74.03000019162782,18.660000192304736],[73.96000117000168,18.660000136769856],[73.96000117000168,18.519997794356673],[74.03000019162782,18.519997767177724]]]}",pune_features,0.5399913150511209,0.8817459909434522,0.7393563219205798,0.29647771301245124,Medium,0.006952130531190703,0.9930478694688093,0.7383043541011305,True,"Low tree cover, High temperature, Dense urban area, Low income area"
0,309.2022179016516,0.1019733141772316,0.2365908789840818,-0.3751905564959364,Z1,"{""type"":""Polygon"",""coordinates"":[[[75.64000097463702,26.750000060724965],[75.6800012791375,26.750000077420548],[75.6800012791375,26.925001905275103],[75.64000097463702,26.925001993241022],[75.60000055547691,26.925001934441703],[75.60000055547691,26.75000005037915],[75.64000097463702,26.750000060724965]]]}",jaipur_features,0.4401292213196399,0.8463773809668408,1.0,0.2896107695147242,Medium,0.388677289689482,0.611322710310518,0.7228590439564493,True,"Low tree cover, High temperature, Dense urban area, Low income area"
0,305.7035079599092,0.0496646610074023,0.2514766209689857,-0.3100921668863737,Z1,"{""type"":""Polygon"",""coordinates"":[[[73.76400143465389,18.379999871170828],[73.76400143465389,18.449998826992502],[73.74999982887877,18.449998844662662],[73.74999982887877,18.379999825031273],[73.76400143465389,18.379999871170828]]]}",mumbai_features,0.46775916110796045,0.7278533845358514,0.8416898265513382,0.3882240997456187,Medium,0.03142918568673425,0.9685708143132657,0.7227808246723667,True,"Low tree cover, Dense urban area, Low income area"
2,306.8474230106083,0.0025707528288976,0.2222779999842927,-0.2672741978204459,Z3,"{""type"":""Polygon"",""coordinates"":[[[78.54000186464977,17.30000115468713],[78.54000186464977,17.450000834989922],[78.46000108025841,17.450000837772027],[78.46000108025841,17.300001090066623],[78.54000186464977,17.30000115468713]]]}",hyderabad_features,0.413562592302239,0.7666052061055164,0.6991618828876192,0.45308626528672,Medium,0.034388521115218396,0.9656114788847816,0.7202704755171345,True,"Low tree cover, High temperature, Dense urban area, Low income area"
9,307.2144856101063,0.0072014193950818,0.2258843457865066,-0.2484207491572078,Z10,"{""type"":""Polygon"",""coordinates"":[[[80.30000008286758,13.074998377330607],[80.30000008286758,13.20000037377777],[80.26000200905669,13.200000381226616],[80.26000200905669,13.07499839965535],[80.30000008286758,13.074998377330607]]]}",chennai_features,0.4202564552935554,0.7790399969162076,0.7131764212641944,0.48164613243811893,Medium,0.046450412719997725,0.9535495872800023,0.718204830042803,True,"Low tree cover, High temperature, Dense urban area, Low income area"
9,313.73700411096377,-0.0145954032962732,0.3322199861605199,-0.3794710377982891,Z10,"{""type"":""Polygon"",""coordinates"":[[[80.49999972911418,26.42499849395884],[80.49999972911418,26.550000505234376],[80.43999805042311,26.550000497810995],[80.43999805042311,26.42499850779653],[80.49999972911418,26.42499849395884]]]}",kanpur_features,0.6176297097719725,1.0,0.6472091563511606,0.28312654588418956,Medium,0.11586905952512971,0.8841309404748703,0.7103059940276375,True,"High temperature, Low income area"
0,307.4199244503272,0.0306776426416568,0.2539473941539771,-0.3130664291630464,Z1,"{""type"":""Polygon"",""coordinates"":[[[78.3800003784321,17.300001100243428],[78.3800003784321,17.450000768699528],[78.29999966915584,17.45000084831652],[78.29999966915584,17.300001139474084],[78.3800003784321,17.300001100243428]]]}",hyderabad_features,0.47234524854660753,0.785999542797568,0.7842263288582296,0.3837185826377158,Medium,0.12203823484477883,0.8779617651552212,0.7096507552314169,True,"Low tree cover, High temperature, Dense urban area, Low income area"
5,307.8570217285808,0.0932006583071872,0.288564622639955,-0.3890373546710832,Z6,"{""type"":""Polygon"",""coordinates"":[[[73.76400143465389,18.449998826992502],[73.76400143465389,18.519997779493778],[73.74999982887877,18.519997776503974],[73.74999982887877,18.449998844662662],[73.76400143465389,18.449998826992502]]]}",mumbai_features,0.536599481871093,0.8008068623840334,0.973449886620419,0.2686351526173484,Medium,0.24929222914887494,0.7507077708511251,0.7085173929362335,True,"Low tree cover, High temperature, Dense urban area, Low income area"
2,310.1261810367493,0.0426350763336561,0.2547752168333635,-0.3530983311750257,Z3,"{""type"":""Polygon"",""coordinates"":[[[73.96000117000168,18.379999837076255],[73.96000117000168,18.519997794356673],[73.89000222534351,18.519997814315534],[73.89000222534351,18.379999828449453],[73.96000117000168,18.379999837076255]]]}",pune_features,0.4738817988112869,0.8776780046682016,0.8204150526557124,0.3230768494619042,Medium,0.3180034749718639,0.6819965250281361,0.7044088394814579,True,"Low tree cover, High temperature, Dense urban area, Low income area"
8,307.3566015104365,0.0405515620555434,0.2458187500335314,-0.3170050457394184,Z9,"{""type"":""Polygon"",""coordinates"":[[[73.80600162611299,18.449998851778787],[73.80600162611299,18.519997756013968],[73.79200009178608,18.519997792167175],[73.79200009178608,18.449998810126765],[73.80600162611299,18.449998851778787]]]}",mumbai_features,0.45725739146589445,0.7838543841457869,0.8141093749759624,0.37775222771821415,Medium,0.22879816549162246,0.7712018345083775,0.6973679289729269,True,"Low tree cover, High temperature, Dense urban area, Low income area"
9,306.1035119182399,0.0104087307979169,0.2561506872809024,-0.3098244735729224,Z10,"{""type"":""Polygon"",""coordinates"":[[[73.81999876329446,18.449998825719046],[73.81999876329446,18.519997823208755],[73.80600162611299,18.519997756013968],[73.80600162611299,18.449998851778787],[73.81999876329446,18.449998825719046]]]}",mumbai_features,0.4764348570118559,0.7414041128097026,0.722883228717986,0.3886296109921841,Medium,0.07697990982879299,0.923020090171207,0.6965941123415897,True,"Low tree cover, High temperature, Dense urban area, Low income area"
1,306.7540486123327,0.0604282232882197,0.2662626151071874,-0.3708173033935006,Z2,"{""type"":""Polygon"",""coordinates"":[[[75.72000166787484,26.750000041716017],[75.76000207327802,26.750000043347313],[75.76000207327802,26.925001994084802],[75.72000166787484,26.925001963559996],[75.6800012791375,26.925001905275103],[75.6800012791375,26.750000077420548],[75.72000166787484,26.750000041716017]]]}",jaipur_features,0.49520395547315116,0.7634420096610446,0.8742653433796801,0.29623552713100837,Medium,0.2713490317738959,0.7286509682261041,0.6895457582123878,True,"Low tree cover, High temperature, Dense urban area, Low income area"
2,309.2955598785936,-0.0217143797303198,0.2835976797729529,-0.3358541314513296,Z3,"{""type"":""Polygon"",""coordinates"":[[[72.8299980714329,21.09999798865362],[72.8299980714329,21.224999983338723],[72.77000090351893,21.224999989125063],[72.77000090351893,21.09999801072069],[72.8299980714329,21.09999798865362]]]}",surat_features,0.5273801676785944,0.8495394790904797,0.6256638416516628,0.34919896971893966,Medium,0.1198653673336828,0.8801346326663172,0.6891274252781605,True,"Low tree cover, High temperature, Low income area"
3,310.16415423703387,0.0053594237673841,0.2535584510264436,-0.3148974901795076,Z4,"{""type"":""Polygon"",""coordinates"":[[[72.88999978021023,21.09999796748522],[72.88999978021023,21.224999954425822],[72.8299980714329,21.224999983338723],[72.8299980714329,21.09999798865362],[72.88999978021023,21.09999796748522]]]}",surat_features,0.47162331777515315,0.8789644032350858,0.7076016907054522,0.3809448270076275,Medium,0.33761517140362796,0.662384828596372,0.6787768421005549,True,"Low tree cover, High temperature, Dense urban area, Low income area"
6,307.46469210213974,0.0483974632193977,0.2712161301988069,-0.3500515005458824,Z7,"{""type"":""Polygon"",""coordinates"":[[[78.46000108025841,17.450000837772027],[78.46000108025841,17.600000472294163],[78.3800003784321,17.600000481302104],[78.3800003784321,17.450000768699528],[78.46000108025841,17.450000837772027]]]}",hyderabad_features,0.5043983459080239,0.7875161135027725,0.8378547000578027,0.3276922956625146,Medium,0.31171107608941095,0.688288923910589,0.6761262848278229,True,"Low tree cover, High temperature, Dense urban area, Low income area"
6,304.6215628933266,0.0106416295850027,0.2176261210037865,-0.2447996167134942,Z7,"{""type"":""Polygon"",""coordinates"":[[[80.18000120232101,13.074998387197592],[80.18000120232101,13.200000359702084],[80.13999863029491,13.200000415667452],[80.13999863029491,13.074998437280817],[80.18000120232101,13.074998387197592]]]}",chennai_features,0.4049280790704305,0.691200888231371,0.7235880881464984,0.48713155122687,Medium,0.19967378215835974,0.8003262178416403,0.6712121000043294,True,"Low tree cover, Dense urban area, Low income area"
3,306.8629183945837,0.0620801536598883,0.2764981270187864,-0.3831895639726036,Z4,"{""type"":""Polygon"",""coordinates"":[[[75.8799987245313,26.750000063605174],[75.91999905286957,26.750000112286052],[75.91999905286957,26.925001965444704],[75.8799987245313,26.925001972130218],[75.83999831919462,26.92500197632252],[75.83999831919462,26.75000007748974],[75.8799987245313,26.750000063605174]]]}",jaipur_features,0.5142024426232658,0.7671301352552827,0.8792648485822879,0.2774935916467773,Medium,0.3567533266935893,0.6432466733064107,0.6703115038107885,True,"Low tree cover, High temperature, Dense urban area, Low income area"
8,311.0797750483787,0.0393614334151649,0.2169251116956454,-0.2991802751398791,Z9,"{""type"":""Polygon"",""coordinates"":[[[72.69000018224327,22.975000917003428],[72.69000018224327,23.09999841161949],[72.62999852068243,23.099998415558492],[72.62999852068243,22.975000915825813],[72.69000018224327,22.975000917003428]]]}",ahmedabad_features,0.4036269114837134,0.9099824183272219,0.8105074953620323,0.4047538171579029,Medium,0.6011150117432088,0.3988849882567912,0.6672852713765643,True,"Low tree cover, High temperature, Dense urban area"
6,307.2802432830978,0.0689830142924738,0.2741804973223189,-0.3668236598192459,Z7,"{""type"":""Polygon"",""coordinates"":[[[73.77799847097619,18.44999881228124],[73.77799847097619,18.519997780706742],[73.76400143465389,18.519997779493778],[73.76400143465389,18.449998826992502],[73.77799847097619,18.44999881228124]]]}",mumbai_features,0.5099006101025919,0.7812676357684502,0.9001560969286868,0.3022852388823205,Medium,0.41038292303562973,0.5896170769643703,0.66506503195528,True,"Low tree cover, High temperature, Dense urban area, Low income area"
1,303.4880698605157,0.020640209588817,0.2664296842894216,-0.298018047412216,Z2,"{""type"":""Polygon"",""coordinates"":[[[80.18000120232101,12.950000898316649],[80.18000120232101,13.074998387197592],[80.13999863029491,13.074998437280817],[80.13999863029491,12.950000885885297],[80.18000120232101,12.950000898316649]]]}",chennai_features,0.4955140583521542,0.6528021279990418,0.7538484148558303,0.406514400597815,Medium,0.13949386065204183,0.8605061393479582,0.6590733645322988,True,"Low tree cover, Dense urban area, Low income area"
2,304.4451474383025,0.0114859717785956,0.2279508101111101,-0.2550714255175735,Z3,"{""type"":""Polygon"",""coordinates"":[[[80.21999934834353,12.950000914789047],[80.21999934834353,13.074998375988047],[80.18000120232101,13.074998387197592],[80.18000120232101,12.950000898316649],[80.21999934834353,12.950000914789047]]]}",chennai_features,0.4240920910933301,0.6852245526363051,0.7261434580713125,0.4715714539688499,Medium,0.29214464853521815,0.7078553514647818,0.6474139544378454,True,"Low tree cover, Dense urban area, Low income area"
5,308.38288507954366,0.0255321469862846,0.2740626667316491,-0.3336487287432991,Z6,"{""type"":""Polygon"",""coordinates"":[[[73.81999876329446,18.519997823208755],[73.81999876329446,18.66000017423062],[73.74999982887877,18.66000022062794],[73.74999982887877,18.519997776503974],[73.81999876329446,18.519997823208755]]]}",pune_features,0.5096819006738827,0.8186212645409818,0.7686536795866719,0.3525397913098193,Medium,0.4271077886262563,0.5728922113737437,0.6463732610148483,True,"Low tree cover, High temperature, Dense urban area, Low income area"
7,301.0169085403407,0.000956642259891,0.2656937358429926,-0.3275846339196061,Z8,"{""type"":""Polygon"",""coordinates"":[[[77.09500113219225,28.639999005659874],[77.14600216572963,28.63999893985843],[77.14600216572963,28.88000119595669],[77.09500113219225,28.880001143447885],[77.04400020351113,28.88000116345071],[77.04400020351113,28.639998935074438],[77.09500113219225,28.639999005659874]]]}",delhi_features,0.49414803902421184,0.5690878674945096,0.6942768378967813,0.3617258954360026,Medium,0.09767211400638387,0.9023278859936161,0.642462068506004,True,"Low tree cover, Dense urban area, Low income area"
1,303.48145628417967,0.0086461975113215,0.2988647832568432,-0.3738171053232341,Z2,"{""type"":""Polygon"",""coordinates"":[[[76.9929992638011,28.400001202262935],[77.04400020351113,28.40000120420923],[77.04400020351113,28.639998935074438],[76.9929992638011,28.63999896259588],[76.94199828453203,28.639998981135705],[76.94199828453203,28.400001245107145],[76.9929992638011,28.400001202262935]]]}",delhi_features,0.5557179657157858,0.6525780832765306,0.7175489879489866,0.2916913216583644,Medium,0.17052412368729153,0.8294758763127085,0.6407875223934502,True,"Low tree cover, Dense urban area, Low income area"
2,302.393043211699,-0.0056309854639435,0.3098352401085212,-0.3720385577148008,Z3,"{""type"":""Polygon"",""coordinates"":[[[77.09500113219225,28.40000127050211],[77.14600216572963,28.400001253722756],[77.14600216572963,28.63999893985843],[77.09500113219225,28.639999005659874],[77.04400020351113,28.639998935074438],[77.04400020351113,28.40000120420923],[77.09500113219225,28.40000127050211]]]}",delhi_features,0.5760806095510497,0.6157064736643619,0.674339630104611,0.2943855281309625,Medium,0.06505159298527952,0.9349484070147205,0.6398045086563151,True,"Dense urban area, Low income area"
3,302.0027379807855,0.0360499383334154,0.286440945394299,-0.3517566141971168,Z4,"{""type"":""Polygon"",""coordinates"":[[[77.71999989155216,12.85000108375014],[77.71999989155216,13.000000785778987],[77.63999920457495,13.00000076465603],[77.63999920457495,12.850001054279687],[77.71999989155216,12.85000108375014]]]}",bangalore_features,0.532657651192662,0.6024843041887323,0.8004853799184535,0.32510932953111155,Medium,0.21233911067827616,0.7876608893217238,0.6359178325883862,True,"Low tree cover, Dense urban area, Low income area"
1,306.8204511776133,0.0215546255488444,0.2688037554385784,-0.3245656460245161,Z2,"{""type"":""Polygon"",""coordinates"":[[[78.46000108025841,17.300001090066623],[78.46000108025841,17.450000837772027],[78.3800003784321,17.450000768699528],[78.3800003784321,17.300001100243428],[78.46000108025841,17.300001090066623]]]}",hyderabad_features,0.4999206538024121,0.765691495197534,0.7566158604019079,0.3662991644837803,Medium,0.4951769101112702,0.5048230898887298,0.6192737582483141,True,"Low tree cover, High temperature, Dense urban area, Low income area"
7,307.813049539871,0.0787584908234937,0.2475744796486849,-0.3418365516518402,Z8,"{""type"":""Polygon"",""coordinates"":[[[73.79200009178608,18.449998810126765],[73.79200009178608,18.519997792167175],[73.77799847097619,18.519997780706742],[73.77799847097619,18.44999881228124],[73.79200009178608,18.449998810126765]]]}",mumbai_features,0.4605162618400053,0.7993172391730542,0.9297412093601743,0.34013658918462514,Medium,0.7555511385430487,0.24444886145695133,0.6160117260182157,True,"Low tree cover, High temperature, Dense urban area"
5,307.73986530689007,0.0487854026782618,0.2628327844798255,-0.3410538477025492,Z6,"{""type"":""Polygon"",""coordinates"":[[[78.3800003784321,17.450000768699528],[78.3800003784321,17.600000481302104],[78.29999966915584,17.6000004925567],[78.29999966915584,17.45000084831652],[78.3800003784321,17.450000768699528]]]}",hyderabad_features,0.48883772839396006,0.7968380145693953,0.8390287842541776,0.3413222566563919,Medium,0.662522284353982,0.33747771564601803,0.6117758202258519,True,"Low tree cover, High temperature, Dense urban area"
4,301.85274849834093,-0.1110571837493264,-0.0005305218866603,0.0937642470005971,Z5,"{""type"":""Polygon"",""coordinates"":[[[80.30000008286758,12.950000861651985],[80.30000008286758,13.074998377330607],[80.26000200905669,13.07499839965535],[80.26000200905669,12.950000841769016],[80.30000008286758,12.950000861651985]]]}",chennai_features,0.0,0.5974031876692257,0.35527120212569074,1.0,Low,0.45606998421703593,0.5439300157829641,0.6114274803927529,True,"Low tree cover, Low income area"
3,305.02388241485625,-0.0207044855240102,0.275460069954301,-0.2915223219283726,Z4,"{""type"":""Polygon"",""coordinates"":[[[80.26000200905669,12.950000841769016],[80.26000200905669,13.07499839965535],[80.21999934834353,13.074998375988047],[80.21999934834353,12.950000914789047],[80.26000200905669,12.950000841769016]]]}",chennai_features,0.5122756690558038,0.7048300596482362,0.6287202485227517,0.4163543540293726,Medium,0.3663618432936917,0.6336381567063083,0.601925047412055,True,"Low tree cover, Low income area"
7,310.36789493205123,0.0163115857527799,0.2077516715137739,-0.2630439312532582,Z8,"{""type"":""Polygon"",""coordinates"":[[[72.62999852068243,22.975000915825813],[72.62999852068243,23.099998415558492],[72.5700012861179,23.099998460587155],[72.5700012861179,22.975000890432323],[72.62999852068243,22.975000915825813]]]}",ahmedabad_features,0.38659977235058096,0.8858664219251687,0.7407479974535277,0.4594944218702665,Medium,0.8661761457749352,0.13382385422506482,0.5974142020521334,True,"Low tree cover, High temperature, Dense urban area"
7,304.6852338518222,-0.0085545236809364,0.2238914303966153,-0.2343891633660067,Z8,"{""type"":""Polygon"",""coordinates"":[[[80.21999934834353,13.074998375988047],[80.21999934834353,13.200000377659006],[80.18000120232101,13.200000359702084],[80.18000120232101,13.074998387197592],[80.21999934834353,13.074998375988047]]]}",chennai_features,0.416557336211567,0.6933578365303583,0.6654916515356868,0.5029016721156716,Medium,0.5142344384136116,0.4857655615863884,0.5950589511051829,True,Low tree cover
7,310.00079457981883,0.04017668410943,0.2689892219214647,-0.3517738684729727,Z8,"{""type"":""Polygon"",""coordinates"":[[[73.96000117000168,18.519997794356673],[73.96000117000168,18.660000136769856],[73.89000222534351,18.660000162239793],[73.89000222534351,18.519997814315534],[73.96000117000168,18.519997794356673]]]}",pune_features,0.50026490454652,0.8734303521845205,0.812974820957173,0.325083192147175,Medium,0.8607305832563434,0.13926941674365656,0.5855699039597638,True,"Low tree cover, High temperature, Dense urban area"
2,308.4811333765406,0.0338294713832342,0.2967403502032867,-0.3825904476308337,Z3,"{""type"":""Polygon"",""coordinates"":[[[72.62999852068243,22.84999897218958],[72.62999852068243,22.975000915825813],[72.5700012861179,22.975000890432323],[72.5700012861179,22.849998904506524],[72.62999852068243,22.84999897218958]]]}",ahmedabad_features,0.5517747321562084,0.8219495715445672,0.7937652201223501,0.2784011541535002,Medium,0.7319939418114051,0.2680060581885949,0.5847808524800008,True,"Low tree cover, High temperature, Dense urban area"
1,306.1156221744711,0.0351406999976341,0.2899273341465577,-0.3506026540045628,Z2,"{""type"":""Polygon"",""coordinates"":[[[73.77799847097619,18.37999983718417],[73.77799847097619,18.44999881228124],[73.76400143465389,18.449998826992502],[73.76400143465389,18.379999871170828],[73.77799847097619,18.37999983718417]]]}",mumbai_features,0.5391288577607508,0.7418143657287004,0.7977336042576202,0.3268573890180534,Medium,0.6364104112637804,0.3635895887362196,0.5834071535880314,True,"Low tree cover, High temperature, Dense urban area"
9,302.3565022629941,0.0027439688930417,0.2742036886681595,-0.3386426675951033,Z10,"{""type"":""Polygon"",""coordinates"":[[[77.29900055894986,28.63999898298557],[77.35000158492622,28.639998935500326],[77.35000158492622,28.88000112956735],[77.29900055894986,28.88000118396684],[77.24799957081777,28.880001196125324],[77.24799957081777,28.639998953729645],[77.29900055894986,28.63999898298557]]]}",delhi_features,0.5099436563605368,0.6144685947472753,0.699686114797581,0.3449747970895395,Medium,0.4401524937396013,0.5598475062603987,0.5830589905414207,True,"Low tree cover, Dense urban area, Low income area"
4,306.84295914129643,0.0773140435741899,0.2558767313224512,-0.3706488657844017,Z5,"{""type"":""Polygon"",""coordinates"":[[[73.81999876329446,18.37999981151146],[73.81999876329446,18.449998825719046],[73.80600162611299,18.449998851778787],[73.80600162611299,18.37999984629191],[73.81999876329446,18.37999981151146]]]}",mumbai_features,0.47592635789610244,0.7664539859017283,0.9253696440317322,0.29649068234558423,Medium,0.907566473926093,0.09243352607390698,0.5764786726915841,True,"Low tree cover, High temperature, Dense urban area"
0,308.4164934056709,-0.1260182145777418,0.2865575464710446,-0.3393101963999392,Z1,"{""type"":""Polygon"",""coordinates"":[[[72.70999919790215,21.099997938072764],[72.70999919790215,21.224999959558613],[72.6500020014233,21.22499993169516],[72.6500020014233,21.099997979343215],[72.70999919790215,21.099997938072764]]]}",surat_features,0.5328740784781142,0.81975979651199,0.30999220444766756,0.3439636009775508,Medium,0.417411003148779,0.582588996851221,0.5736979955242025,True,"Low tree cover, High temperature, Low income area"
7,301.59116472507066,0.0351033294296963,0.2815159618888038,-0.3571865842549157,Z8,"{""type"":""Polygon"",""coordinates"":[[[77.63999920457495,13.00000076465603],[77.63999920457495,13.150000519106014],[77.55999842006972,13.150000513133332],[77.55999842006972,13.000000801424106],[77.63999920457495,13.00000076465603]]]}",bangalore_features,0.523516219220154,0.5885416487803945,0.7976205036378643,0.316883819903836,Medium,0.5247564316322378,0.47524356836776216,0.5730839536579009,True,"Low tree cover, Dense urban area"
8,305.0217090165668,0.0043386292084533,0.2660691970169489,-0.2840566896396148,Z9,"{""type"":""Polygon"",""coordinates"":[[[80.26000200905669,13.07499839965535],[80.26000200905669,13.200000381226616],[80.21999934834353,13.200000377659006],[80.21999934834353,13.074998375988047],[80.26000200905669,13.07499839965535]]]}",chennai_features,0.4948449454760223,0.7047564325527085,0.7045122943267094,0.42766355640272213,Medium,0.5924145688620425,0.40758543113795753,0.5721631992316961,True,"Low tree cover, Dense urban area"
6,308.7646340086085,0.0257895089634857,0.2958169899990783,-0.3563222987536136,Z7,"{""type"":""Polygon"",""coordinates"":[[[73.89000222534351,18.519997814315534],[73.89000222534351,18.660000162239793],[73.81999876329446,18.66000017423062],[73.81999876329446,18.519997823208755],[73.89000222534351,18.519997814315534]]]}",pune_features,0.5500608513922477,0.8315535765815394,0.7694325759409235,0.31819306997998775,Medium,0.8180147659224931,0.18198523407750689,0.5628627649363517,True,"Low tree cover, High temperature, Dense urban area"
0,307.1113173962815,0.0434788132581917,0.2997137090305718,-0.3769664659244645,Z1,"{""type"":""Polygon"",""coordinates"":[[[73.81999876329446,18.37999981151146],[73.81999876329446,18.519997823208755],[73.74999982887877,18.519997776503974],[73.74999982887877,18.379999825031273],[73.81999876329446,18.37999981151146]]]}",pune_features,0.5572936861626848,0.7755450204217936,0.8229685907564663,0.2869205594498369,Medium,0.8074401551640625,0.19255984483593747,0.5599633508923166,True,"Low tree cover, High temperature, Dense urban area"
2,305.5692947105091,0.0410433113625126,0.25432861305304,-0.3295199036829346,Z3,"{""type"":""Polygon"",""coordinates"":[[[75.80000021058267,26.750000034649915],[75.83999831919462,26.75000007748974],[75.83999831919462,26.92500197632252],[75.80000021058267,26.92500194801138],[75.76000207327802,26.925001994084802],[75.76000207327802,26.750000043347313],[75.80000021058267,26.750000034649915]]]}",jaipur_features,0.4730528421108356,0.7233067113455137,0.8155976357772261,0.3587942807309141,Medium,0.8287375091519293,0.17126249084807066,0.5596235406662344,True,"Low tree cover, Dense urban area"
7,305.6651760194528,0.0498850695645371,0.2953691749154571,-0.3917479657326311,Z8,"{""type"":""Polygon"",""coordinates"":[[[75.80000021058267,26.92500194801138],[75.83999831919462,26.92500197632252],[75.83999831919462,27.099999397257065],[75.80000021058267,27.099999394787204],[75.76000207327802,27.09999940169848],[75.76000207327802,26.925001994084802],[75.80000021058267,26.92500194801138]]]}",jaipur_features,0.5492296463499123,0.726554833112757,0.8423568847681936,0.26452902364329656,Medium,0.8021969807540397,0.19780301924596033,0.556331048573307,True,"Low tree cover, Dense urban area"
1,307.5285710063469,0.0345263605857649,0.2670136936460255,-0.3513989143870644,Z2,"{""type"":""Polygon"",""coordinates"":[[[73.89000222534351,18.379999828449453],[73.89000222534351,18.519997814315534],[73.81999876329446,18.519997823208755],[73.81999876329446,18.37999981151146],[73.89000222534351,18.379999828449453]]]}",pune_features,0.49659805828814296,0.7896801062716318,0.7958743291099003,0.3256511857844503,Medium,0.8960912999234932,0.10390870007650677,0.5560383798848063,True,"Low tree cover, High temperature, Dense urban area"
2,299.25386144595745,-0.0200261234028703,0.2990837565944707,-0.3224871118823295,Z3,"{""type"":""Polygon"",""coordinates"":[[[88.37999820761097,22.449999772274126],[88.37999820761097,22.575001758153544],[88.32000105210311,22.575001680691184],[88.32000105210311,22.449999783717576],[88.37999820761097,22.449999772274126]]]}",kolkata_features,0.5561244096901629,0.509362028256096,0.6307732859945825,0.36944780110887937,Medium,0.3308980248526492,0.6691019751473508,0.5519947919747448,True,"Low tree cover, Low income area"
3,308.0283361991408,0.0397622803131143,0.2914892708615263,-0.3681962718819504,Z4,"{""type"":""Polygon"",""coordinates"":[[[78.61999814249717,17.30000107202228],[78.61999814249717,17.450000803194648],[78.54000186464977,17.450000834989922],[78.54000186464977,17.30000115468713],[78.61999814249717,17.30000107202228]]]}",hyderabad_features,0.5420280224400471,0.8066103945531289,0.8117206434378336,0.30020595785201826,Medium,0.9093204020787821,0.09067959792121794,0.5489176122209849,True,"Low tree cover, High temperature, Dense urban area"
0,302.9730573267439,0.0095704011647607,0.2975891982048428,-0.3273817184453246,Z1,"{""type"":""Polygon"",""coordinates"":[[[80.13999863029491,12.950000885885297],[80.13999863029491,13.074998437280817],[80.10000048653322,13.074998426767241],[80.10000048653322,12.950000862307112],[80.13999863029491,12.950000885885297]]]}",chennai_features,0.553350308247492,0.6353553133927756,0.7203460555814264,0.36203327893341775,Medium,0.6118528947223795,0.38814710527762053,0.5423117373733426,True,"Low tree cover, Dense urban area"
1,306.7161047468957,-0.0122001792111309,0.3000880350563392,-0.3782837455170821,Z2,"{""type"":""Polygon"",""coordinates"":[[[75.82000151171877,22.599999484039053],[75.86000188481238,22.59999944486859],[75.86000188481238,22.79999904569321],[75.82000151171877,22.799999050004832],[75.78000107475978,22.799999004473595],[75.78000107475978,22.599999461359594],[75.82000151171877,22.599999484039053]]]}",indore_features,0.5579884856267385,0.762156604855697,0.6544582120501515,0.2849250979913842,Medium,0.7751328233611146,0.22486717663888545,0.537792262862064,True,High temperature
5,304.6377028778459,0.0313064934571195,0.3016082221336542,-0.3441384571883999,Z6,"{""type"":""Polygon"",""coordinates"":[[[80.13999863029491,13.074998437280817],[80.13999863029491,13.200000415667452],[80.10000048653322,13.200000361622186],[80.10000048653322,13.074998426767241],[80.13999863029491,13.074998437280817]]]}",chennai_features,0.5608101573617311,0.6917476541820838,0.7861295222236945,0.33664958171487747,Medium,0.7851759613930136,0.2148240386069864,0.5319131442204653,True,Dense urban area
2,307.73095569619045,0.0210788518787486,0.3114115065174459,-0.3798987395596802,Z3,"{""type"":""Polygon"",""coordinates"":[[[79.0750003605514,20.999998191851425],[79.12000160989884,20.99999817814699],[79.12000160989884,21.149997847685285],[79.0750003605514,21.149997909640067],[79.02999904725039,21.14999787361377],[79.02999904725039,20.999998179043775],[79.0750003605514,20.999998191851425]]]}",nagpur_features,0.5790063720701845,0.7965361882721752,0.7551759492653961,0.28247864821284385,Medium,0.9296976523425731,0.07030234765742693,0.524521132546999,True,"High temperature, Dense urban area"
3,297.76685986895694,-0.1350492047274012,0.3611245325629353,-0.34490568738669,Z4,"{""type"":""Polygon"",""coordinates"":[[[88.4399998642475,22.449999784677345],[88.4399998642475,22.575001760461625],[88.37999820761097,22.575001758153544],[88.37999820761097,22.449999772274126],[88.4399998642475,22.449999784677345]]]}",kolkata_features,0.6712804365894447,0.45898764097050343,0.28266025207711093,0.335487354425372,Medium,0.06355835028602363,0.9364416497139764,0.5095014115776172,True,Low income area
2,300.7067866254519,0.0236737914096035,0.2589442697705588,-0.3108739323079528,Z3,"{""type"":""Polygon"",""coordinates"":[[[77.63999920457495,12.850001054279687],[77.63999920457495,13.00000076465603],[77.55999842006972,13.000000801424106],[77.55999842006972,12.85000107433432],[77.63999920457495,12.850001054279687]]]}",bangalore_features,0.48162012194935044,0.5585820269574274,0.7630294362570162,0.38703985398864,Medium,0.8324426408004217,0.16755735919957826,0.5044213720341558,True,"Low tree cover, Dense urban area"
7,299.0957844475929,-0.0719196993355942,0.223072094793602,-0.239457360314504,Z8,"{""type"":""Polygon"",""coordinates"":[[[88.37999820761097,22.575001758153544],[88.37999820761097,22.699999245337448],[88.32000105210311,22.699999263463233],[88.32000105210311,22.575001680691184],[88.37999820761097,22.575001758153544]]]}",kolkata_features,0.4150365391024512,0.5040069351212102,0.47371932820850704,0.4952241891187042,Medium,0.6375574713552131,0.3624425286447869,0.4955147580979302,True,Low tree cover
8,301.066734692591,-0.0315977137931587,0.3010572384771739,-0.3430683954153141,Z9,"{""type"":""Polygon"",""coordinates"":[[[77.197000875116,28.63999895940277],[77.24799957081777,28.639998953729645],[77.24799957081777,28.880001196125324],[77.197000875116,28.88000119154864],[77.14600216572963,28.88000119595669],[77.14600216572963,28.63999893985843],[77.197000875116,28.63999895940277]]]}",delhi_features,0.5597874575683088,0.570775802416187,0.5957523024526082,0.33827054892512115,Medium,0.6842330265121569,0.3157669734878431,0.49344689850650186,True,
2,306.7723914945717,-0.0309147104322554,0.3109937489027386,-0.3810773084379419,Z3,"{""type"":""Polygon"",""coordinates"":[[[75.89999999928615,22.599999422910066],[75.93999809268459,22.599999448644745],[75.93999809268459,22.799999063698277],[75.89999999928615,22.799999069259567],[75.86000188481238,22.79999904569321],[75.86000188481238,22.59999944486859],[75.89999999928615,22.599999422910066]]]}",indore_features,0.5782309577339572,0.7640634020443025,0.5978193864621998,0.2806933106232515,Medium,0.9394989415641891,0.060501058435810884,0.4912503517850555,True,High temperature
1,300.26641238392926,0.0424607505111111,0.2822783623444083,-0.3496545459612368,Z2,"{""type"":""Polygon"",""coordinates"":[[[77.55999842006972,12.85000107433432],[77.55999842006972,13.000000801424106],[77.48000214678166,13.000000740732588],[77.48000214678166,12.850001073044492],[77.55999842006972,12.85000107433432]]]}",bangalore_features,0.5249313370358668,0.5436636953724615,0.8198874621036469,0.328293616429082,Medium,0.9699098521619943,0.030090147838005676,0.4746083099725953,True,"Low tree cover, Dense urban area"
4,301.1566155194777,-0.0361663435576717,0.3068386620604915,-0.350283661802224,Z5,"{""type"":""Polygon"",""coordinates"":[[[77.29900055894986,28.400001242195735],[77.35000158492622,28.400001194276776],[77.35000158492622,28.639998935500326],[77.29900055894986,28.63999898298557],[77.24799957081777,28.639998953729645],[77.24799957081777,28.40000126643822],[77.29900055894986,28.400001242195735]]]}",delhi_features,0.5705185575470563,0.5738206489403403,0.5819255161254097,0.32734060962579786,Medium,0.9656320330745594,0.03436796692544064,0.43372795481228804,True,
1,298.43317224971133,-0.0789171210392961,0.3732662252228712,-0.3776021691381901,Z2,"{""type"":""Polygon"",""coordinates"":[[[88.32000105210311,22.449999783717576],[88.32000105210311,22.575001680691184],[88.25999933223706,22.57500170540009],[88.25999933223706,22.44999972401687],[88.32000105210311,22.449999783717576]]]}",kolkata_features,0.6938170516579133,0.4815599626414813,0.4525418943332755,0.2859575738626365,Medium,0.6232981268275579,0.3767018731724421,0.4268707765612124,True,
8,298.3783190993432,-0.0290153230114455,0.3324170550666447,-0.3462358765131256,Z9,"{""type"":""Polygon"",""coordinates"":[[[88.4399998642475,22.575001760461625],[88.4399998642475,22.699999234974616],[88.37999820761097,22.699999245337448],[88.37999820761097,22.575001758153544],[88.4399998642475,22.575001760461625]]]}",kolkata_features,0.6179954961745515,0.4797017306912138,0.6035678111264398,0.33347233715103575,Medium,0.8872127425763265,0.11278725742367346,0.4142721732590351,True,
3,284.2180033423767,0.0099696110572592,0.2813215324850609,-0.3205579920567454,Z4,"{""type"":""Polygon"",""coordinates"":[[[81.02999956757874,26.75000011534578],[81.02999956757873,26.89999975476672],[80.96000057984199,26.89999979293399],[80.96000057984199,26.75000008157383],[81.02999956757874,26.75000011534578]]]}",lucknow_features,0.5231553320891033,0.0,0.7215542493217368,0.37237009967196616,Medium,0.5612771975694962,0.43872280243050377,0.40179408829043367,True,"Low tree cover, Dense urban area"
4,297.1804630272605,-0.228445458225872,0.3949447033514586,-0.3468879838815704,Z5,"{""type"":""Polygon"",""coordinates"":[[[88.50000159499916,22.449999777707202],[88.50000159499916,22.575001735114373],[88.4399998642475,22.575001760461625],[88.4399998642475,22.449999784677345],[88.50000159499916,22.449999777707202]]]}",kolkata_features,0.7340552235947058,0.4391225768955543,0.0,0.3324845019732973,Medium,0.3109823217156622,0.6890176782843378,0.3941191626050147,True,Low income area
1,,-0.0228354501176471,0.3163220085962704,-0.3748725858612037,Z2,"{""type"":""Polygon"",""coordinates"":[[[80.31999916095003,26.300000995971626],[80.31999916095003,26.42499845774166],[80.26000200905669,26.42499845339686],[80.26000200905669,26.30000096105001],[80.31999916095003,26.300000995971626]]]}",kanpur_features,0.5881209245665221,,0.6222709642458972,0.2900924426159282,Medium,0.1987156815341724,0.8012843184658276,,True,Low income area
2,,-0.0183450560980285,0.3094675422450516,-0.3630110586568988,Z3,"{""type"":""Polygon"",""coordinates"":[[[80.38000085238967,26.300000925250615],[80.38000085238967,26.42499852504799],[80.31999916095003,26.42499845774166],[80.31999916095003,26.300000995971626],[80.38000085238967,26.300000925250615]]]}",kanpur_features,0.5753981128479453,,0.6358609730306899,0.30806070122042417,Medium,0.005522117123602399,0.9944778828763976,,True,Low income area
3,,-0.027929027733828,0.3395213639538591,-0.3812431502643217,Z4,"{""type"":""Polygon"",""coordinates"":[[[80.43999805042311,26.300000960385034],[80.43999805042311,26.42499850779653],[80.38000085238967,26.42499852504799],[80.38000085238967,26.300000925250615],[80.43999805042311,26.300000960385034]]]}",kanpur_features,0.6311820492526871,,0.6068554429692584,0.2804420875916378,Medium,0.8154614284548342,0.18453857154516584,,True,
4,,-0.0396552515790009,0.3546747334238757,-0.3909399589330579,Z5,"{""type"":""Polygon"",""coordinates"":[[[80.49999972911418,26.300001008625983],[80.49999972911418,26.42499849395884],[80.43999805042311,26.42499850779653],[80.43999805042311,26.300000960385034],[80.49999972911418,26.300001008625983]]]}",kanpur_features,0.6593087416588389,,0.5713664670860505,0.26575302076262647,Medium,0.7068573438476171,0.2931426561523829,,True,
5,,-0.0054966919369227,0.2906766080513591,-0.3420629774948486,Z6,"{""type"":""Polygon"",""coordinates"":[[[80.26000200905669,26.42499845339686],[80.26000200905669,26.55000049531221],[80.20000032259412,26.550000475409632],[80.20000032259412,26.42499849824685],[80.26000200905669,26.42499845339686]]]}",kanpur_features,0.5405196109321828,,0.6747460644183882,0.33979359135375226,Medium,0.7290071680409873,0.2709928319590127,,True,"Low tree cover, Dense urban area"
6,,-0.0363492375131021,0.2939175039658609,-0.324395507376565,Z7,"{""type"":""Polygon"",""coordinates"":[[[80.31999916095003,26.42499845774166],[80.31999916095003,26.55000046314648],[80.26000200905669,26.55000049531221],[80.26000200905669,26.42499845339686],[80.31999916095003,26.42499845774166]]]}",kanpur_features,0.5465351497658338,,0.581371994441093,0.3665568964918387,Medium,0.7712703466859457,0.22872965331405426,,True,Low tree cover
7,,-0.0139782098845812,0.2949347524434442,-0.3372218594502537,Z8,"{""type"":""Polygon"",""coordinates"":[[[80.38000085238967,26.42499852504799],[80.38000085238967,26.550000484178604],[80.31999916095003,26.55000046314648],[80.31999916095003,26.42499845774166],[80.38000085238967,26.42499852504799]]]}",kanpur_features,0.5484232997965068,,0.649077069022112,0.347127087240235,Medium,0.07404465173409036,0.9259553482659096,,True,"Low tree cover, Low income area"
8,,-0.0189028945520869,0.3173814404307591,-0.3649624533963576,Z9,"{""type"":""Polygon"",""coordinates"":[[[80.43999805042311,26.42499850779653],[80.43999805042311,26.550000497810995],[80.38000085238967,26.550000484178604],[80.38000085238967,26.42499852504799],[80.43999805042311,26.42499850779653]]]}",kanpur_features,0.5900873725827808,,0.6341726959088989,0.3051046598343434,Medium,0.3584657285442726,0.6415342714557274,,True,Low income area
1,,-0.0097854745339001,0.33213696297171,-0.3647388987357044,Z2,"{""type"":""Polygon"",""coordinates"":[[[80.89000159536415,26.750000033055173],[80.89000159536415,26.899999743379517],[80.81999817418624,26.8999997336134],[80.81999817418624,26.750000098778504],[80.89000159536415,26.750000033055173]]]}",lucknow_features,0.617475607563955,,0.6617662250291626,0.3054433082971989,Medium,0.713244787222995,0.286755212777005,,True,
2,,0.0009565698722711,0.2611764748485812,-0.2965317969129004,Z3,"{""type"":""Polygon"",""coordinates"":[[[80.96000057984199,26.75000008157383],[80.96000057984199,26.89999979293399],[80.89000159536415,26.899999743379517],[80.89000159536415,26.750000033055173],[80.96000057984199,26.75000008157383]]]}",lucknow_features,0.4857633948855259,,0.6942766188183694,0.4087658251288039,Medium,0.7607850486168974,0.23921495138310256,,True,"Low tree cover, Dense urban area"
7,,-0.0158909508296583,0.3465248308899878,-0.3878666466178297,Z8,"{""type"":""Polygon"",""coordinates"":[[[80.96000057984199,26.89999979293399],[80.96000057984199,27.049999427043492],[80.89000159536415,27.049999474082423],[80.89000159536415,26.899999743379517],[80.96000057984199,26.89999979293399]]]}",lucknow_features,0.6441814261027607,,0.6432882304184034,0.27040858235273607,Medium,0.42754101835854963,0.5724589816414504,,True,Low income area
