system:index,LST,NDBI,NDVI,NDWI,zone_id,.geo,city,ndvi_n,lst_n,ndbi_n,ndwi_n,tree_category,income_score,income_n,priority_score,water_ok
0,308.32280719060765,-0.0110590604952093,0.3815750630894121,-0.4392132500337003,Z1,"{""type"":""Polygon"",""coordinates"":[[[72.50999966230029,22.849998955557247],[72.50999966230029,22.9750009566224],[72.4499979166911,22.975000944488663],[72.4499979166911,22.849998953446608],[72.50999966230029,22.849998955557247]]]}",ahmedabad_features,0.7092393725738784,0.8165860368106469,0.6579117649691408,0.19262694152793414,Medium,0.3745401188473625,0.6254598811526375,0.5958907442536034,False
1,309.02311959521137,0.0116270345039886,0.3388619120726114,-0.4096086169992204,Z2,"{""type"":""Polygon"",""coordinates"":[[[72.5700012861179,22.849998904506524],[72.5700012861179,22.975000890432323],[72.50999966230029,22.9750009566224],[72.50999966230029,22.849998955557247],[72.5700012861179,22.849998904506524]]]}",ahmedabad_features,0.6299580178412433,0.8403101597948153,0.7265703791096273,0.2374730809071603,Medium,0.9507143064099162,0.049285693590083834,0.5161855220900756,False
2,308.4811333765406,0.0338294713832342,0.2967403502032867,-0.3825904476308337,Z3,"{""type"":""Polygon"",""coordinates"":[[[72.62999852068243,22.84999897218958],[72.62999852068243,22.975000915825813],[72.5700012861179,22.975000890432323],[72.5700012861179,22.849998904506524],[72.62999852068243,22.84999897218958]]]}",ahmedabad_features,0.5517747321562084,0.8219495715445672,0.7937652201223501,0.2784011541535002,Medium,0.7319939418114051,0.2680060581885949,0.5847808524800008,True
3,309.2158214348365,0.022591700003123,0.3463201819076036,-0.427139769944899,Z4,"{""type"":""Polygon"",""coordinates"":[[[72.69000018224327,22.849998950436937],[72.69000018224327,22.975000917003428],[72.62999852068243,22.975000915825813],[72.62999852068243,22.84999897218958],[72.69000018224327,22.849998950436937]]]}",ahmedabad_features,0.643801570058853,0.8468382208608329,0.7597545272722437,0.21091627381670397,Medium,0.5986584841970366,0.4013415158029634,0.5917089390673111,False
4,308.6029440574118,0.0049448653982769,0.4016187104800897,-0.472118325974771,Z5,"{""type"":""Polygon"",""coordinates"":[[[72.75000182107684,22.849998900437992],[72.75000182107684,22.975000953142285],[72.69000018224327,22.975000917003428],[72.69000018224327,22.849998950436937],[72.75000182107684,22.849998900437992]]]}",ahmedabad_features,0.7464430787179444,0.8260760893026079,0.706347045377367,0.14278117515013106,High,0.15601864044243652,0.8439813595575635,0.6430563099133734,False
5,310.0048958948339,0.0015787481154893,0.3418101214496919,-0.4088934194261397,Z6,"{""type"":""Polygon"",""coordinates"":[[[72.50999966230029,22.9750009566224],[72.50999966230029,23.099998482302798],[72.4499979166911,23.09999840068322],[72.4499979166911,22.975000944488663],[72.50999966230029,22.9750009566224]]]}",ahmedabad_features,0.63543029108464,0.8735692903229497,0.6961596178946421,0.2385564873458993,Medium,0.15599452033620265,0.8440054796637974,0.6771326251377113,False
6,309.6695849079288,0.0110130209072842,0.2220059231418535,-0.2836578433046117,Z7,"{""type"":""Polygon"",""coordinates"":[[[72.5700012861179,22.975000890432323],[72.5700012861179,23.099998460587155],[72.50999966230029,23.099998482302798],[72.50999966230029,22.9750009566224],[72.5700012861179,22.975000890432323]]]}",ahmedabad_features,0.413057581078612,0.8622101325542386,0.724712090029262,0.428267742859268,Medium,0.05808361216819946,0.9419163878318005,0.7458985755997987,True
7,310.36789493205123,0.0163115857527799,0.2077516715137739,-0.2630439312532582,Z8,"{""type"":""Polygon"",""coordinates"":[[[72.62999852068243,22.975000915825813],[72.62999852068243,23.099998415558492],[72.5700012861179,23.099998460587155],[72.5700012861179,22.975000890432323],[72.62999852068243,22.975000915825813]]]}",ahmedabad_features,0.38659977235058096,0.8858664219251687,0.7407479974535277,0.4594944218702665,Medium,0.8661761457749352,0.13382385422506482,0.5974142020521334,True
8,311.0797750483787,0.0393614334151649,0.2169251116956454,-0.2991802751398791,Z9,"{""type"":""Polygon"",""coordinates"":[[[72.69000018224327,22.975000917003428],[72.69000018224327,23.09999841161949],[72.62999852068243,23.099998415558492],[72.62999852068243,22.975000915825813],[72.69000018224327,22.975000917003428]]]}",ahmedabad_features,0.4036269114837134,0.9099824183272219,0.8105074953620323,0.4047538171579029,Medium,0.6011150117432088,0.3988849882567912,0.6672852713765643,True
9,310.0453534585503,-0.0006668109285667,0.3994858618498547,-0.4730385354085435,Z10,"{""type"":""Polygon"",""coordinates"":[[[72.75000182107684,22.975000953142285],[72.75000182107684,23.099998417998364],[72.69000018224327,23.09999841161949],[72.69000018224327,22.975000917003428],[72.75000182107684,22.975000953142285]]]}",ahmedabad_features,0.7424842247158557,0.8749398503914826,0.6893635178192007,0.14138720953410813,Medium,0.7080725777960455,0.2919274222039545,0.5436409863433741,False
0,300.83194706996846,0.0803531465364734,0.3286546411670372,-0.4277850165572835,Z1,"{""type"":""Polygon"",""coordinates"":[[[77.48000214678166,12.850001073044492],[77.48000214678166,13.000000740732588],[77.4000014284863,13.000000803003784],[77.4000014284863,12.850001102732485],[77.48000214678166,12.850001073044492]]]}",bangalore_features,0.6110119497977354,0.5628220229348572,0.9345673749602155,0.20993883155355322,Medium,0.020584494295802447,0.9794155057041976,0.6724762450239101,False
1,300.26641238392926,0.0424607505111111,0.2822783623444083,-0.3496545459612368,Z2,"{""type"":""Polygon"",""coordinates"":[[[77.55999842006972,12.85000107433432],[77.55999842006972,13.000000801424106],[77.48000214678166,13.000000740732588],[77.48000214678166,12.850001073044492],[77.55999842006972,12.85000107433432]]]}",bangalore_features,0.5249313370358668,0.5436636953724615,0.8198874621036469,0.328293616429082,Medium,0.9699098521619943,0.030090147838005676,0.4746083099725953,True
2,300.7067866254519,0.0236737914096035,0.2589442697705588,-0.3108739323079528,Z3,"{""type"":""Polygon"",""coordinates"":[[[77.63999920457495,12.850001054279687],[77.63999920457495,13.00000076465603],[77.55999842006972,13.000000801424106],[77.55999842006972,12.85000107433432],[77.63999920457495,12.850001054279687]]]}",bangalore_features,0.48162012194935044,0.5585820269574274,0.7630294362570162,0.38703985398864,Medium,0.8324426408004217,0.16755735919957826,0.5044213720341558,True
3,302.0027379807855,0.0360499383334154,0.286440945394299,-0.3517566141971168,Z4,"{""type"":""Polygon"",""coordinates"":[[[77.71999989155216,12.85000108375014],[77.71999989155216,13.000000785778987],[77.63999920457495,13.00000076465603],[77.63999920457495,12.850001054279687],[77.71999989155216,12.85000108375014]]]}",bangalore_features,0.532657651192662,0.6024843041887323,0.8004853799184535,0.32510932953111155,Medium,0.21233911067827616,0.7876608893217238,0.6359178325883862,True
4,302.1636031852613,0.0478198106704569,0.3504680875890475,-0.4394491412160318,Z5,"{""type"":""Polygon"",""coordinates"":[[[77.80000068297257,12.850001120258645],[77.80000068297257,13.00000082264097],[77.71999989155216,13.000000785778987],[77.71999989155216,12.85000108375014],[77.80000068297257,12.850001120258645]]]}",bangalore_features,0.6515006410451804,0.6079338519473736,0.8361064563223164,0.19226960526813835,Medium,0.18182496720710062,0.8181750327928994,0.6263572851534028,False
5,300.60144306860974,0.0952348213518209,0.3354926581721609,-0.4504925266005044,Z6,"{""type"":""Polygon"",""coordinates"":[[[77.48000214678166,13.000000740732588],[77.48000214678166,13.150000506866125],[77.4000014284863,13.150000457617661],[77.4000014284863,13.000000803003784],[77.48000214678166,13.000000740732588]]]}",bangalore_features,0.6237042293169346,0.5550133574869394,0.979606204646297,0.1755406966681312,Medium,0.18340450985343382,0.8165954901465662,0.6443480296360992,False
6,300.1080352977841,0.0594454840822513,0.3002904597863246,-0.3917783777857501,Z7,"{""type"":""Polygon"",""coordinates"":[[[77.55999842006972,13.000000801424106],[77.55999842006972,13.150000513133332],[77.48000214678166,13.150000506866125],[77.48000214678166,13.000000740732588],[77.55999842006972,13.000000801424106]]]}",bangalore_features,0.5583642131589527,0.5382984363182427,0.871291120096841,0.2644829543955746,Medium,0.3042422429595377,0.6957577570404623,0.610462269114936,False
7,301.59116472507066,0.0351033294296963,0.2815159618888038,-0.3571865842549157,Z8,"{""type"":""Polygon"",""coordinates"":[[[77.63999920457495,13.00000076465603],[77.63999920457495,13.150000519106014],[77.55999842006972,13.150000513133332],[77.55999842006972,13.000000801424106],[77.63999920457495,13.00000076465603]]]}",bangalore_features,0.523516219220154,0.5885416487803945,0.7976205036378643,0.316883819903836,Medium,0.5247564316322378,0.47524356836776216,0.5730839536579009,True
8,303.26824080227624,0.0602110463186273,0.3004816634646335,-0.3931958239352169,Z9,"{""type"":""Polygon"",""coordinates"":[[[77.71999989155216,13.000000785778987],[77.71999989155216,13.150000505795262],[77.63999920457495,13.150000519106014],[77.63999920457495,13.00000076465603],[77.71999989155216,13.000000785778987]]]}",bangalore_features,0.5587191129096226,0.6453550921063711,0.8736080654411027,0.2623357571137336,Medium,0.43194501864211576,0.5680549813578842,0.612141669530075,False
9,303.544062547243,0.0592373786972824,0.3399752958837583,-0.4343120498085404,Z10,"{""type"":""Polygon"",""coordinates"":[[[77.80000068297257,13.00000082264097],[77.80000068297257,13.150000517730827],[77.71999989155216,13.150000505795262],[77.71999989155216,13.000000785778987],[77.80000068297257,13.00000082264097]]]}",bangalore_features,0.6320246079846488,0.6546989634361994,0.870661296968284,0.20005145201475627,Medium,0.2912291401980419,0.7087708598019581,0.6264155797678138,False
0,302.9730573267439,0.0095704011647607,0.2975891982048428,-0.3273817184453246,Z1,"{""type"":""Polygon"",""coordinates"":[[[80.13999863029491,12.950000885885297],[80.13999863029491,13.074998437280817],[80.10000048653322,13.074998426767241],[80.10000048653322,12.950000862307112],[80.13999863029491,12.950000885885297]]]}",chennai_features,0.553350308247492,0.6353553133927756,0.7203460555814264,0.36203327893341775,Medium,0.6118528947223795,0.38814710527762053,0.5423117373733426,True
1,303.4880698605157,0.020640209588817,0.2664296842894216,-0.298018047412216,Z2,"{""type"":""Polygon"",""coordinates"":[[[80.18000120232101,12.950000898316649],[80.18000120232101,13.074998387197592],[80.13999863029491,13.074998437280817],[80.13999863029491,12.950000885885297],[80.18000120232101,12.950000898316649]]]}",chennai_features,0.4955140583521542,0.6528021279990418,0.7538484148558303,0.406514400597815,Medium,0.13949386065204183,0.8605061393479582,0.6590733645322988,True
2,304.4451474383025,0.0114859717785956,0.2279508101111101,-0.2550714255175735,Z3,"{""type"":""Polygon"",""coordinates"":[[[80.21999934834353,12.950000914789047],[80.21999934834353,13.074998375988047],[80.18000120232101,13.074998387197592],[80.18000120232101,12.950000898316649],[80.21999934834353,12.950000914789047]]]}",chennai_features,0.4240920910933301,0.6852245526363051,0.7261434580713125,0.4715714539688499,Medium,0.29214464853521815,0.7078553514647818,0.6474139544378454,True
3,305.02388241485625,-0.0207044855240102,0.275460069954301,-0.2915223219283726,Z4,"{""type"":""Polygon"",""coordinates"":[[[80.26000200905669,12.950000841769016],[80.26000200905669,13.07499839965535],[80.21999934834353,13.074998375988047],[80.21999934834353,12.950000914789047],[80.26000200905669,12.950000841769016]]]}",chennai_features,0.5122756690558038,0.7048300596482362,0.6287202485227517,0.4163543540293726,Medium,0.3663618432936917,0.6336381567063083,0.601925047412055,True
4,301.85274849834093,-0.1110571837493264,-0.0005305218866603,0.0937642470005971,Z5,"{""type"":""Polygon"",""coordinates"":[[[80.30000008286758,12.950000861651985],[80.30000008286758,13.074998377330607],[80.26000200905669,13.07499839965535],[80.26000200905669,12.950000841769016],[80.30000008286758,12.950000861651985]]]}",chennai_features,0.0,0.5974031876692257,0.35527120212569074,1.0,Low,0.45606998421703593,0.5439300157829641,0.6114274803927529,True
5,304.6377028778459,0.0313064934571195,0.3016082221336542,-0.3441384571883999,Z6,"{""type"":""Polygon"",""coordinates"":[[[80.13999863029491,13.074998437280817],[80.13999863029491,13.200000415667452],[80.10000048653322,13.200000361622186],[80.10000048653322,13.074998426767241],[80.13999863029491,13.074998437280817]]]}",chennai_features,0.5608101573617311,0.6917476541820838,0.7861295222236945,0.33664958171487747,Medium,0.7851759613930136,0.2148240386069864,0.5319131442204653,True
6,304.6215628933266,0.0106416295850027,0.2176261210037865,-0.2447996167134942,Z7,"{""type"":""Polygon"",""coordinates"":[[[80.18000120232101,13.074998387197592],[80.18000120232101,13.200000359702084],[80.13999863029491,13.200000415667452],[80.13999863029491,13.074998437280817],[80.18000120232101,13.074998387197592]]]}",chennai_features,0.4049280790704305,0.691200888231371,0.7235880881464984,0.48713155122687,Medium,0.19967378215835974,0.8003262178416403,0.6712121000043294,True
7,304.6852338518222,-0.0085545236809364,0.2238914303966153,-0.2343891633660067,Z8,"{""type"":""Polygon"",""coordinates"":[[[80.21999934834353,13.074998375988047],[80.21999934834353,13.200000377659006],[80.18000120232101,13.200000359702084],[80.18000120232101,13.074998387197592],[80.21999934834353,13.074998375988047]]]}",chennai_features,0.416557336211567,0.6933578365303583,0.6654916515356868,0.5029016721156716,Medium,0.5142344384136116,0.4857655615863884,0.5950589511051829,True
8,305.0217090165668,0.0043386292084533,0.2660691970169489,-0.2840566896396148,Z9,"{""type"":""Polygon"",""coordinates"":[[[80.26000200905669,13.07499839965535],[80.26000200905669,13.200000381226616],[80.21999934834353,13.200000377659006],[80.21999934834353,13.074998375988047],[80.26000200905669,13.07499839965535]]]}",chennai_features,0.4948449454760223,0.7047564325527085,0.7045122943267094,0.42766355640272213,Medium,0.5924145688620425,0.40758543113795753,0.5721631992316961,True
9,307.2144856101063,0.0072014193950818,0.2258843457865066,-0.2484207491572078,Z10,"{""type"":""Polygon"",""coordinates"":[[[80.30000008286758,13.074998377330607],[80.30000008286758,13.20000037377777],[80.26000200905669,13.200000381226616],[80.26000200905669,13.07499839965535],[80.30000008286758,13.074998377330607]]]}",chennai_features,0.4202564552935554,0.7790399969162076,0.7131764212641944,0.48164613243811893,Medium,0.046450412719997725,0.9535495872800023,0.718204830042803,True
0,304.7411055637758,0.0172320013269675,0.3301670904634967,-0.4209216769677442,Z1,"{""type"":""Polygon"",""coordinates"":[[[76.89099952366062,28.400001273227936],[76.94199828453203,28.400001245107145],[76.94199828453203,28.639998981135705],[76.89099952366062,28.63999893269861],[76.84000075480982,28.639998933689277],[76.84000075480982,28.40000122970283],[76.89099952366062,28.400001273227936]]]}",delhi_features,0.6138192591704521,0.6952505737673541,0.7435336006064402,0.22033565976219746,Medium,0.6075448519014384,0.39245514809856163,0.5576543694251614,False
1,303.48145628417967,0.0086461975113215,0.2988647832568432,-0.3738171053232341,Z2,"{""type"":""Polygon"",""coordinates"":[[[76.9929992638011,28.400001202262935],[77.04400020351113,28.40000120420923],[77.04400020351113,28.639998935074438],[76.9929992638011,28.63999896259588],[76.94199828453203,28.639998981135705],[76.94199828453203,28.400001245107145],[76.9929992638011,28.400001202262935]]]}",delhi_features,0.5557179657157858,0.6525780832765306,0.7175489879489866,0.2916913216583644,Medium,0.17052412368729153,0.8294758763127085,0.6407875223934502,True
2,302.393043211699,-0.0056309854639435,0.3098352401085212,-0.3720385577148008,Z3,"{""type"":""Polygon"",""coordinates"":[[[77.09500113219225,28.40000127050211],[77.14600216572963,28.400001253722756],[77.14600216572963,28.63999893985843],[77.09500113219225,28.639999005659874],[77.04400020351113,28.639998935074438],[77.04400020351113,28.40000120420923],[77.09500113219225,28.40000127050211]]]}",delhi_features,0.5760806095510497,0.6157064736643619,0.674339630104611,0.2943855281309625,Medium,0.06505159298527952,0.9349484070147205,0.6398045086563151,True
3,300.87649377648705,-0.0655784543625144,0.4189411694025162,-0.4485608927739769,Z4,"{""type"":""Polygon"",""coordinates"":[[[77.197000875116,28.4000012022084],[77.24799957081777,28.40000126643822],[77.24799957081777,28.639998953729645],[77.197000875116,28.63999895940277],[77.14600216572963,28.63999893985843],[77.14600216572963,28.400001253722756],[77.197000875116,28.4000012022084]]]}",delhi_features,0.7785958929678274,0.5643311087900258,0.49291086786274807,0.17846680352826982,High,0.9488855372533332,0.051114462746666756,0.3738168516830768,False
4,301.1566155194777,-0.0361663435576717,0.3068386620604915,-0.350283661802224,Z5,"{""type"":""Polygon"",""coordinates"":[[[77.29900055894986,28.400001242195735],[77.35000158492622,28.400001194276776],[77.35000158492622,28.639998935500326],[77.29900055894986,28.63999898298557],[77.24799957081777,28.639998953729645],[77.24799957081777,28.40000126643822],[77.29900055894986,28.400001242195735]]]}",delhi_features,0.5705185575470563,0.5738206489403403,0.5819255161254097,0.32734060962579786,Medium,0.9656320330745594,0.03436796692544064,0.43372795481228804,True
5,308.92062271262955,-0.0235966677471511,0.3603162826094147,-0.4228755093177871,Z6,"{""type"":""Polygon"",""coordinates"":[[[76.89099952366062,28.63999893269861],[76.94199828453203,28.639998981135705],[76.94199828453203,28.880001142530944],[76.89099952366062,28.88000119998277],[76.84000075480982,28.880001165751548],[76.84000075480982,28.639998933689277],[76.89099952366062,28.63999893269861]]]}",delhi_features,0.6697802159372034,0.8368379256434855,0.6199671676910957,0.2173759257978678,Medium,0.8083973481164611,0.19160265188353887,0.5178534295802957,False
6,301.7456800171963,-0.0297848921873058,0.3594078170902707,-0.4139698959763844,Z7,"{""type"":""Polygon"",""coordinates"":[[[76.9929992638011,28.63999896259588],[77.04400020351113,28.639998935074438],[77.04400020351113,28.88000116345071],[76.9929992638011,28.88000114061013],[76.94199828453203,28.880001142530944],[76.94199828453203,28.639998981135705],[76.9929992638011,28.63999896259588]]]}",delhi_features,0.6680939817125897,0.5937760838257059,0.6012387389303799,0.23086646211699358,Medium,0.3046137691733707,0.6953862308266293,0.5541922372358331,False
7,301.0169085403407,0.000956642259891,0.2656937358429926,-0.3275846339196061,Z8,"{""type"":""Polygon"",""coordinates"":[[[77.09500113219225,28.639999005659874],[77.14600216572963,28.63999893985843],[77.14600216572963,28.88000119595669],[77.09500113219225,28.880001143447885],[77.04400020351113,28.88000116345071],[77.04400020351113,28.639998935074438],[77.09500113219225,28.639999005659874]]]}",delhi_features,0.49414803902421184,0.5690878674945096,0.6942768378967813,0.3617258954360026,Medium,0.09767211400638387,0.9023278859936161,0.642462068506004,True
8,301.066734692591,-0.0315977137931587,0.3010572384771739,-0.3430683954153141,Z9,"{""type"":""Polygon"",""coordinates"":[[[77.197000875116,28.63999895940277],[77.24799957081777,28.639998953729645],[77.24799957081777,28.880001196125324],[77.197000875116,28.88000119154864],[77.14600216572963,28.88000119595669],[77.14600216572963,28.63999893985843],[77.197000875116,28.63999895940277]]]}",delhi_features,0.5597874575683088,0.570775802416187,0.5957523024526082,0.33827054892512115,Medium,0.6842330265121569,0.3157669734878431,0.49344689850650186,True
9,302.3565022629941,0.0027439688930417,0.2742036886681595,-0.3386426675951033,Z10,"{""type"":""Polygon"",""coordinates"":[[[77.29900055894986,28.63999898298557],[77.35000158492622,28.639998935500326],[77.35000158492622,28.88000112956735],[77.29900055894986,28.88000118396684],[77.24799957081777,28.880001196125324],[77.24799957081777,28.639998953729645],[77.29900055894986,28.63999898298557]]]}",delhi_features,0.5099436563605368,0.6144685947472753,0.699686114797581,0.3449747970895395,Medium,0.4401524937396013,0.5598475062603987,0.5830589905414207,True
0,307.4199244503272,0.0306776426416568,0.2539473941539771,-0.3130664291630464,Z1,"{""type"":""Polygon"",""coordinates"":[[[78.3800003784321,17.300001100243428],[78.3800003784321,17.450000768699528],[78.29999966915584,17.45000084831652],[78.29999966915584,17.300001139474084],[78.3800003784321,17.300001100243428]]]}",hyderabad_features,0.47234524854660753,0.785999542797568,0.7842263288582296,0.3837185826377158,Medium,0.12203823484477883,0.8779617651552212,0.7096507552314169,True
1,306.8204511776133,0.0215546255488444,0.2688037554385784,-0.3245656460245161,Z2,"{""type"":""Polygon"",""coordinates"":[[[78.46000108025841,17.300001090066623],[78.46000108025841,17.450000837772027],[78.3800003784321,17.450000768699528],[78.3800003784321,17.300001100243428],[78.46000108025841,17.300001090066623]]]}",hyderabad_features,0.4999206538024121,0.765691495197534,0.7566158604019079,0.3662991644837803,Medium,0.4951769101112702,0.5048230898887298,0.6192737582483141,True
2,306.8474230106083,0.0025707528288976,0.2222779999842927,-0.2672741978204459,Z3,"{""type"":""Polygon"",""coordinates"":[[[78.54000186464977,17.30000115468713],[78.54000186464977,17.450000834989922],[78.46000108025841,17.450000837772027],[78.46000108025841,17.300001090066623],[78.54000186464977,17.30000115468713]]]}",hyderabad_features,0.413562592302239,0.7666052061055164,0.6991618828876192,0.45308626528672,Medium,0.034388521115218396,0.9656114788847816,0.7202704755171345,True
3,308.0283361991408,0.0397622803131143,0.2914892708615263,-0.3681962718819504,Z4,"{""type"":""Polygon"",""coordinates"":[[[78.61999814249717,17.30000107202228],[78.61999814249717,17.450000803194648],[78.54000186464977,17.450000834989922],[78.54000186464977,17.30000115468713],[78.61999814249717,17.30000107202228]]]}",hyderabad_features,0.5420280224400471,0.8066103945531289,0.8117206434378336,0.30020595785201826,Medium,0.9093204020787821,0.09067959792121794,0.5489176122209849,True
4,308.4758538621264,0.0286022298807821,0.3594863912212998,-0.4385196049499572,Z5,"{""type"":""Polygon"",""coordinates"":[[[78.69999883462852,17.3000011271061],[78.69999883462852,17.450000853620047],[78.61999814249717,17.450000803194648],[78.61999814249717,17.30000107202228],[78.69999883462852,17.3000011271061]]]}",hyderabad_features,0.6682398258708087,0.8217707201513393,0.7779451701160055,0.19367769949777722,Medium,0.2587799816000169,0.7412200183999831,0.6505387415242119,False
5,307.73986530689007,0.0487854026782618,0.2628327844798255,-0.3410538477025492,Z6,"{""type"":""Polygon"",""coordinates"":[[[78.3800003784321,17.450000768699528],[78.3800003784321,17.600000481302104],[78.29999966915584,17.6000004925567],[78.29999966915584,17.45000084831652],[78.3800003784321,17.450000768699528]]]}",hyderabad_features,0.48883772839396006,0.7968380145693953,0.8390287842541776,0.3413222566563919,Medium,0.662522284353982,0.33747771564601803,0.6117758202258519,True
6,307.46469210213974,0.0483974632193977,0.2712161301988069,-0.3500515005458824,Z7,"{""type"":""Polygon"",""coordinates"":[[[78.46000108025841,17.450000837772027],[78.46000108025841,17.600000472294163],[78.3800003784321,17.600000481302104],[78.3800003784321,17.450000768699528],[78.46000108025841,17.450000837772027]]]}",hyderabad_features,0.5043983459080239,0.7875161135027725,0.8378547000578027,0.3276922956625146,Medium,0.31171107608941095,0.688288923910589,0.6761262848278229,True
7,306.9787132766039,0.03918255244325,0.3206656485174132,-0.4037787723535295,Z8,"{""type"":""Polygon"",""coordinates"":[[[78.54000186464977,17.450000834989922],[78.54000186464977,17.60000051188324],[78.46000108025841,17.600000472294163],[78.46000108025841,17.450000837772027],[78.54000186464977,17.450000834989922]]]}",hyderabad_features,0.5961833046349816,0.7710528588910859,0.8099661188215473,0.24630433462462367,Medium,0.5200680211778108,0.4799319788221892,0.6067591034574846,False
8,307.25255780599895,0.0587968249462008,0.3118114661296443,-0.4008169528100763,Z9,"{""type"":""Polygon"",""coordinates"":[[[78.61999814249717,17.450000803194648],[78.61999814249717,17.600000552470696],[78.54000186464977,17.60000051188324],[78.54000186464977,17.450000834989922],[78.61999814249717,17.450000803194648]]]}",hyderabad_features,0.5797487509192877,0.7803297491063688,0.8693279775933662,0.2507910030426081,Medium,0.5467102793432796,0.45328972065672035,0.6171358524668941,False
9,308.95777252845147,0.0861694474123315,0.3036235893690664,-0.4171868540521476,Z10,"{""type"":""Polygon"",""coordinates"":[[[78.69999883462852,17.450000853620047],[78.69999883462852,17.60000053121498],[78.61999814249717,17.600000552470696],[78.61999814249717,17.450000803194648],[78.69999883462852,17.450000853620047]]]}",hyderabad_features,0.5645509500895821,0.8380964308386022,0.9521701910277067,0.22599330087649522,Medium,0.18485445552552704,0.815145544474473,0.7234141301441771,False
0,305.9677241771984,-0.0357127184108993,0.359184265449971,-0.437456465926942,Z1,"{""type"":""Polygon"",""coordinates"":[[[75.74000073040688,22.59999947203729],[75.78000107475978,22.599999461359594],[75.78000107475978,22.799999004473595],[75.74000073040688,22.79999900433854],[75.70000036894523,22.79999903181466],[75.70000036894523,22.59999940950928],[75.74000073040688,22.59999947203729]]]}",indore_features,0.6676790397925078,0.7368041013761856,0.5832983955882599,0.1952881798827259,Medium,0.9695846277645586,0.03041537223544144,0.45794632920334877,False
1,306.7161047468957,-0.0122001792111309,0.3000880350563392,-0.3782837455170821,Z2,"{""type"":""Polygon"",""coordinates"":[[[75.82000151171877,22.599999484039053],[75.86000188481238,22.59999944486859],[75.86000188481238,22.79999904569321],[75.82000151171877,22.799999050004832],[75.78000107475978,22.799999004473595],[75.78000107475978,22.599999461359594],[75.82000151171877,22.599999484039053]]]}",indore_features,0.5579884856267385,0.762156604855697,0.6544582120501515,0.2849250979913842,Medium,0.7751328233611146,0.22486717663888545,0.537792262862064,True
2,306.7723914945717,-0.0309147104322554,0.3109937489027386,-0.3810773084379419,Z3,"{""type"":""Polygon"",""coordinates"":[[[75.89999999928615,22.599999422910066],[75.93999809268459,22.599999448644745],[75.93999809268459,22.799999063698277],[75.89999999928615,22.799999069259567],[75.86000188481238,22.79999904569321],[75.86000188481238,22.59999944486859],[75.89999999928615,22.599999422910066]]]}",indore_features,0.5782309577339572,0.7640634020443025,0.5978193864621998,0.2806933106232515,Medium,0.9394989415641891,0.060501058435810884,0.4912503517850555,True
3,308.8211140282865,-0.0279915089627717,0.3539015153718441,-0.4360601490145238,Z4,"{""type"":""Polygon"",""coordinates"":[[[75.97999848846472,22.599999468719574],[76.01999881427406,22.59999945735246],[76.01999881427406,22.799999049244505],[75.97999848846472,22.799999066099595],[75.93999809268459,22.799999063698277],[75.93999809268459,22.599999448644745],[75.97999848846472,22.599999468719574]]]}",indore_features,0.6578735449288041,0.8334669211463095,0.6066663458774398,0.197403369853125,Medium,0.8948273504276488,0.10517264957235117,0.5032988116187098,False
4,308.44113447011927,-0.0400233413033535,0.3688003739923099,-0.4408114122506983,Z5,"{""type"":""Polygon"",""coordinates"":[[[76.05999917897469,22.599999431832202],[76.09999960268559,22.599999401518794],[76.09999960268559,22.799999019405806],[76.05999917897469,22.79999903053909],[76.01999881427406,22.799999049244505],[76.01999881427406,22.59999945735246],[76.05999917897469,22.599999431832202]]]}",indore_features,0.6855278309573839,0.8205945491732177,0.5702524573653693,0.19020598919082424,Medium,0.5978999788110851,0.40210002118891486,0.5464275619295952,False
5,306.9803017200744,-0.0115631757578642,0.3336923306092194,-0.4179236399975836,Z6,"{""type"":""Polygon"",""coordinates"":[[[75.74000073040688,22.79999900433854],[75.78000107475978,22.799999004473595],[75.78000107475978,22.999998662414054],[75.74000073040688,22.99999860073009],[75.70000036894523,22.99999866757256],[75.70000036894523,22.79999903181466],[75.74000073040688,22.79999900433854]]]}",indore_features,0.6203625791517112,0.7711066697732003,0.6563860790676149,0.22487719161200298,Medium,0.9218742350231168,0.07812576497688317,0.4982632393921053,False
6,306.0255055082052,-0.0251038722533934,0.3585756948259533,-0.4430515437323203,Z7,"{""type"":""Polygon"",""coordinates"":[[[75.82000151171877,22.799999050004832],[75.86000188481238,22.79999904569321],[75.86000188481238,22.999998685380476],[75.82000151171877,22.999998603860046],[75.78000107475978,22.999998662414054],[75.78000107475978,22.799999004473595],[75.82000151171877,22.799999050004832]]]}",indore_features,0.6665494508398306,0.7387615297952483,0.6154056698824799,0.18681255923222256,Medium,0.0884925020519195,0.9115074979480805,0.6406566413456287,False
7,307.48105087054824,-0.023990027966671,0.3564113319088847,-0.4435459596011569,Z8,"{""type"":""Polygon"",""coordinates"":[[[75.89999999928615,22.799999069259567],[75.93999809268459,22.799999063698277],[75.93999809268459,22.99999864211597],[75.89999999928615,22.999998627730005],[75.86000188481238,22.999998685380476],[75.86000188481238,22.79999904569321],[75.89999999928615,22.799999069259567]]]}",indore_features,0.6625321020815809,0.7880702910827235,0.6187766777662679,0.18606360068443978,Medium,0.1959828624191452,0.8040171375808548,0.6332715112588737,False
8,307.44613013917865,-0.0361290013902744,0.359334942196694,-0.4331902447476399,Z9,"{""type"":""Polygon"",""coordinates"":[[[75.97999848846472,22.799999066099595],[76.01999881427406,22.799999049244505],[76.01999881427406,22.99999861841339],[75.97999848846472,22.99999867821334],[75.93999809268459,22.99999864211597],[75.93999809268459,22.799999063698277],[75.97999848846472,22.799999066099595]]]}",indore_features,0.6679587161058335,0.7868872994346202,0.5820385307919969,0.20175080177730428,Medium,0.045227288910538066,0.9547727110894619,0.6544194516858666,False
9,308.22633641410926,-0.0527159397386018,0.3554665788654517,-0.4390293867724313,Z10,"{""type"":""Polygon"",""coordinates"":[[[76.05999917897469,22.79999903053909],[76.09999960268559,22.799999019405806],[76.09999960268559,22.99999862895455],[76.05999917897469,22.999998658140242],[76.01999881427406,22.99999861841339],[76.01999881427406,22.799999049244505],[76.05999917897469,22.79999903053909]]]}",indore_features,0.6607785133299178,0.8133179459543651,0.5318387850944621,0.19290546406297066,Medium,0.32533033076326434,0.6746696692367357,0.6005151376948354,False
0,309.2022179016516,0.1019733141772316,0.2365908789840818,-0.3751905564959364,Z1,"{""type"":""Polygon"",""coordinates"":[[[75.64000097463702,26.750000060724965],[75.6800012791375,26.750000077420548],[75.6800012791375,26.925001905275103],[75.64000097463702,26.925001993241022],[75.60000055547691,26.925001934441703],[75.60000055547691,26.75000005037915],[75.64000097463702,26.750000060724965]]]}",jaipur_features,0.4401292213196399,0.8463773809668408,1.0,0.2896107695147242,Medium,0.388677289689482,0.611322710310518,0.7228590439564493,True
1,306.7540486123327,0.0604282232882197,0.2662626151071874,-0.3708173033935006,Z2,"{""type"":""Polygon"",""coordinates"":[[[75.72000166787484,26.750000041716017],[75.76000207327802,26.750000043347313],[75.76000207327802,26.925001994084802],[75.72000166787484,26.925001963559996],[75.6800012791375,26.925001905275103],[75.6800012791375,26.750000077420548],[75.72000166787484,26.750000041716017]]]}",jaipur_features,0.49520395547315116,0.7634420096610446,0.8742653433796801,0.29623552713100837,Medium,0.2713490317738959,0.7286509682261041,0.6895457582123878,True
2,305.5692947105091,0.0410433113625126,0.25432861305304,-0.3295199036829346,Z3,"{""type"":""Polygon"",""coordinates"":[[[75.80000021058267,26.750000034649915],[75.83999831919462,26.75000007748974],[75.83999831919462,26.92500197632252],[75.80000021058267,26.92500194801138],[75.76000207327802,26.925001994084802],[75.76000207327802,26.750000043347313],[75.80000021058267,26.750000034649915]]]}",jaipur_features,0.4730528421108356,0.7233067113455137,0.8155976357772261,0.3587942807309141,Medium,0.8287375091519293,0.17126249084807066,0.5596235406662344,True
3,306.8629183945837,0.0620801536598883,0.2764981270187864,-0.3831895639726036,Z4,"{""type"":""Polygon"",""coordinates"":[[[75.8799987245313,26.750000063605174],[75.91999905286957,26.750000112286052],[75.91999905286957,26.925001965444704],[75.8799987245313,26.925001972130218],[75.83999831919462,26.92500197632252],[75.83999831919462,26.75000007748974],[75.8799987245313,26.750000063605174]]]}",jaipur_features,0.5142024426232658,0.7671301352552827,0.8792648485822879,0.2774935916467773,Medium,0.3567533266935893,0.6432466733064107,0.6703115038107885,True
4,307.5472850545038,0.0744962261916434,0.2703117421136691,-0.3965606459997908,Z5,"{""type"":""Polygon"",""coordinates"":[[[75.95999941345487,26.75000006712375],[75.99999973816823,26.750000105897836],[75.99999973816823,26.92500191752381],[75.95999941345487,26.925001975996636],[75.91999905286957,26.925001965444704],[75.91999905286957,26.750000112286052],[75.95999941345487,26.75000006712375]]]}",jaipur_features,0.5027196799494863,0.7903140724517064,0.916841625596058,0.25723860630229045,Medium,0.28093450968738076,0.7190654903126192,0.7023780953997842,False
5,306.7616167491324,0.0595028036911311,0.2998101737385997,-0.4244839772607647,Z6,"{""type"":""Polygon"",""coordinates"":[[[75.64000097463702,26.925001993241022],[75.6800012791375,26.925001905275103],[75.6800012791375,27.09999938872015],[75.64000097463702,27.099999417013805],[75.60000055547691,27.099999409163363],[75.60000055547691,26.925001934441703],[75.64000097463702,26.925001993241022]]]}",jaipur_features,0.5574727376387356,0.7636983915372123,0.8714645957394715,0.21493936198456948,Medium,0.5426960831582485,0.45730391684175153,0.6243693131234964,False
6,306.17604915783573,0.0540204662634086,0.2837070668474338,-0.392266929858039,Z7,"{""type"":""Polygon"",""coordinates"":[[[75.72000166787484,26.925001963559996],[75.76000207327802,26.925001994084802],[75.76000207327802,27.09999940169848],[75.72000166787484,27.09999935374241],[75.6800012791375,27.09999938872015],[75.6800012791375,26.925001905275103],[75.72000166787484,26.925001963559996]]]}",jaipur_features,0.5275832048053022,0.7438614195513661,0.8548725074999021,0.26374287853304457,Medium,0.14092422497476265,0.8590757750252374,0.7013621367229792,False
7,305.6651760194528,0.0498850695645371,0.2953691749154571,-0.3917479657326311,Z8,"{""type"":""Polygon"",""coordinates"":[[[75.80000021058267,26.92500194801138],[75.83999831919462,26.92500197632252],[75.83999831919462,27.099999397257065],[75.80000021058267,27.099999394787204],[75.76000207327802,27.09999940169848],[75.76000207327802,26.925001994084802],[75.80000021058267,26.92500194801138]]]}",jaipur_features,0.5492296463499123,0.726554833112757,0.8423568847681936,0.26452902364329656,Medium,0.8021969807540397,0.19780301924596033,0.556331048573307,True
8,305.478466108152,0.0414821091932356,0.3367429363901861,-0.4308703440947052,Z9,"{""type"":""Polygon"",""coordinates"":[[[75.8799987245313,26.925001972130218],[75.91999905286957,26.925001965444704],[75.91999905286957,27.09999940610134],[75.8799987245313,27.09999939144116],[75.83999831919462,27.099999397257065],[75.83999831919462,26.92500197632252],[75.8799987245313,26.925001972130218]]]}",jaipur_features,0.6260249138966968,0.7202297575194299,0.816925640925153,0.20526506888226367,Medium,0.07455064367977082,0.9254493563202292,0.6793521757254409,False
9,306.23263066498623,0.0636174465045508,0.3005997482265508,-0.421053504617674,Z10,"{""type"":""Polygon"",""coordinates"":[[[75.95999941345487,26.925001975996636],[75.99999973816823,26.92500191752381],[75.99999973816823,27.099999382219767],[75.95999941345487,27.09999937315752],[75.91999905286957,27.09999940610134],[75.91999905286957,26.925001965444704],[75.95999941345487,26.925001975996636]]]}",jaipur_features,0.5589382941143621,0.7457782021550208,0.8839174076166366,0.2201359626014219,Medium,0.9868869366005173,0.013113063399482705,0.5319596898666963,False
0,,-0.0383657176108065,0.3460563011900119,-0.4048056505472539,Z1,"{""type"":""Polygon"",""coordinates"":[[[80.26000200905669,26.30000096105001],[80.26000200905669,26.42499845339686],[80.20000032259412,26.42499849824685],[80.20000032259412,26.300000987555936],[80.26000200905669,26.30000096105001]]]}",kanpur_features,0.6433117719456147,,0.575269193189703,0.24474878341925596,Medium,0.7722447692966574,0.22775523070334258,,False
1,,-0.0228354501176471,0.3163220085962704,-0.3748725858612037,Z2,"{""type"":""Polygon"",""coordinates"":[[[80.31999916095003,26.300000995971626],[80.31999916095003,26.42499845774166],[80.26000200905669,26.42499845339686],[80.26000200905669,26.30000096105001],[80.31999916095003,26.300000995971626]]]}",kanpur_features,0.5881209245665221,,0.6222709642458972,0.2900924426159282,Medium,0.1987156815341724,0.8012843184658276,,True
2,,-0.0183450560980285,0.3094675422450516,-0.3630110586568988,Z3,"{""type"":""Polygon"",""coordinates"":[[[80.38000085238967,26.300000925250615],[80.38000085238967,26.42499852504799],[80.31999916095003,26.42499845774166],[80.31999916095003,26.300000995971626],[80.38000085238967,26.300000925250615]]]}",kanpur_features,0.5753981128479453,,0.6358609730306899,0.30806070122042417,Medium,0.005522117123602399,0.9944778828763976,,True
3,,-0.027929027733828,0.3395213639538591,-0.3812431502643217,Z4,"{""type"":""Polygon"",""coordinates"":[[[80.43999805042311,26.300000960385034],[80.43999805042311,26.42499850779653],[80.38000085238967,26.42499852504799],[80.38000085238967,26.300000925250615],[80.43999805042311,26.300000960385034]]]}",kanpur_features,0.6311820492526871,,0.6068554429692584,0.2804420875916378,Medium,0.8154614284548342,0.18453857154516584,,True
4,,-0.0396552515790009,0.3546747334238757,-0.3909399589330579,Z5,"{""type"":""Polygon"",""coordinates"":[[[80.49999972911418,26.300001008625983],[80.49999972911418,26.42499849395884],[80.43999805042311,26.42499850779653],[80.43999805042311,26.300000960385034],[80.49999972911418,26.300001008625983]]]}",kanpur_features,0.6593087416588389,,0.5713664670860505,0.26575302076262647,Medium,0.7068573438476171,0.2931426561523829,,True
5,,-0.0054966919369227,0.2906766080513591,-0.3420629774948486,Z6,"{""type"":""Polygon"",""coordinates"":[[[80.26000200905669,26.42499845339686],[80.26000200905669,26.55000049531221],[80.20000032259412,26.550000475409632],[80.20000032259412,26.42499849824685],[80.26000200905669,26.42499845339686]]]}",kanpur_features,0.5405196109321828,,0.6747460644183882,0.33979359135375226,Medium,0.7290071680409873,0.2709928319590127,,True
6,,-0.0363492375131021,0.2939175039658609,-0.324395507376565,Z7,"{""type"":""Polygon"",""coordinates"":[[[80.31999916095003,26.42499845774166],[80.31999916095003,26.55000046314648],[80.26000200905669,26.55000049531221],[80.26000200905669,26.42499845339686],[80.31999916095003,26.42499845774166]]]}",kanpur_features,0.5465351497658338,,0.581371994441093,0.3665568964918387,Medium,0.7712703466859457,0.22872965331405426,,True
7,,-0.0139782098845812,0.2949347524434442,-0.3372218594502537,Z8,"{""type"":""Polygon"",""coordinates"":[[[80.38000085238967,26.42499852504799],[80.38000085238967,26.550000484178604],[80.31999916095003,26.55000046314648],[80.31999916095003,26.42499845774166],[80.38000085238967,26.42499852504799]]]}",kanpur_features,0.5484232997965068,,0.649077069022112,0.347127087240235,Medium,0.07404465173409036,0.9259553482659096,,True
8,,-0.0189028945520869,0.3173814404307591,-0.3649624533963576,Z9,"{""type"":""Polygon"",""coordinates"":[[[80.43999805042311,26.42499850779653],[80.43999805042311,26.550000497810995],[80.38000085238967,26.550000484178604],[80.38000085238967,26.42499852504799],[80.43999805042311,26.42499850779653]]]}",kanpur_features,0.5900873725827808,,0.6341726959088989,0.3051046598343434,Medium,0.3584657285442726,0.6415342714557274,,True
9,313.73700411096377,-0.0145954032962732,0.3322199861605199,-0.3794710377982891,Z10,"{""type"":""Polygon"",""coordinates"":[[[80.49999972911418,26.42499849395884],[80.49999972911418,26.550000505234376],[80.43999805042311,26.550000497810995],[80.43999805042311,26.42499850779653],[80.49999972911418,26.42499849395884]]]}",kanpur_features,0.6176297097719725,1.0,0.6472091563511606,0.28312654588418956,Medium,0.11586905952512971,0.8841309404748703,0.7103059940276375,True
0,297.3405971737018,-0.1794740867713162,0.43753247717056,-0.4132847777481375,Z1,"{""type"":""Polygon"",""coordinates"":[[[88.25999933223706,22.44999972401687],[88.25999933223706,22.57500170540009],[88.20000214553644,22.57500174381237],[88.20000214553644,22.449999777034165],[88.25999933223706,22.44999972401687]]]}",kolkata_features,0.8131038613806967,0.44454735897732794,0.14821001572759251,0.23190430330622314,High,0.8631034258755935,0.13689657412440648,0.2936260681835209,False
1,298.43317224971133,-0.0789171210392961,0.3732662252228712,-0.3776021691381901,Z2,"{""type"":""Polygon"",""coordinates"":[[[88.32000105210311,22.449999783717576],[88.32000105210311,22.575001680691184],[88.25999933223706,22.57500170540009],[88.25999933223706,22.44999972401687],[88.32000105210311,22.449999783717576]]]}",kolkata_features,0.6938170516579133,0.4815599626414813,0.4525418943332755,0.2859575738626365,Medium,0.6232981268275579,0.3767018731724421,0.4268707765612124,True
2,299.25386144595745,-0.0200261234028703,0.2990837565944707,-0.3224871118823295,Z3,"{""type"":""Polygon"",""coordinates"":[[[88.37999820761097,22.449999772274126],[88.37999820761097,22.575001758153544],[88.32000105210311,22.575001680691184],[88.32000105210311,22.449999783717576],[88.37999820761097,22.449999772274126]]]}",kolkata_features,0.5561244096901629,0.509362028256096,0.6307732859945825,0.36944780110887937,Medium,0.3308980248526492,0.6691019751473508,0.5519947919747448,True
3,297.76685986895694,-0.1350492047274012,0.3611245325629353,-0.34490568738669,Z4,"{""type"":""Polygon"",""coordinates"":[[[88.4399998642475,22.449999784677345],[88.4399998642475,22.575001760461625],[88.37999820761097,22.575001758153544],[88.37999820761097,22.449999772274126],[88.4399998642475,22.449999784677345]]]}",kolkata_features,0.6712804365894447,0.45898764097050343,0.28266025207711093,0.335487354425372,Medium,0.06355835028602363,0.9364416497139764,0.5095014115776172,True
4,297.1804630272605,-0.228445458225872,0.3949447033514586,-0.3468879838815704,Z5,"{""type"":""Polygon"",""coordinates"":[[[88.50000159499916,22.449999777707202],[88.50000159499916,22.575001735114373],[88.4399998642475,22.575001760461625],[88.4399998642475,22.449999784677345],[88.50000159499916,22.449999777707202]]]}",kolkata_features,0.7340552235947058,0.4391225768955543,0.0,0.3324845019732973,Medium,0.3109823217156622,0.6890176782843378,0.3941191626050147,True
5,298.54721657461795,-0.1025303499848972,0.5060460551242905,-0.4922392861656369,Z6,"{""type"":""Polygon"",""coordinates"":[[[88.25999933223706,22.57500170540009],[88.25999933223706,22.69999928443452],[88.20000214553644,22.699999220216544],[88.20000214553644,22.57500174381237],[88.25999933223706,22.57500170540009]]]}",kolkata_features,0.9402742795878479,0.4854233835546979,0.3810773441387923,0.11230123695557592,High,0.32518332202674705,0.674816677973253,0.42016837553223196,False
6,298.39331321896213,-0.1004994471241652,0.4538958876180964,-0.4452856747006825,Z7,"{""type"":""Polygon"",""coordinates"":[[[88.32000105210311,22.575001680691184],[88.32000105210311,22.699999263463233],[88.25999933223706,22.69999928443452],[88.25999933223706,22.57500170540009],[88.32000105210311,22.575001680691184]]]}",kolkata_features,0.8434765526348859,0.480209678766303,0.38722379534058526,0.18342821906215787,High,0.7296061783380641,0.27039382166193593,0.3608289656283692,False
7,299.0957844475929,-0.0719196993355942,0.223072094793602,-0.239457360314504,Z8,"{""type"":""Polygon"",""coordinates"":[[[88.37999820761097,22.575001758153544],[88.37999820761097,22.699999245337448],[88.32000105210311,22.699999263463233],[88.32000105210311,22.575001680691184],[88.37999820761097,22.575001758153544]]]}",kolkata_features,0.4150365391024512,0.5040069351212102,0.47371932820850704,0.4952241891187042,Medium,0.6375574713552131,0.3624425286447869,0.4955147580979302,True
8,298.3783190993432,-0.0290153230114455,0.3324170550666447,-0.3462358765131256,Z9,"{""type"":""Polygon"",""coordinates"":[[[88.4399998642475,22.575001760461625],[88.4399998642475,22.699999234974616],[88.37999820761097,22.699999245337448],[88.37999820761097,22.575001758153544],[88.4399998642475,22.575001760461625]]]}",kolkata_features,0.6179954961745515,0.4797017306912138,0.6035678111264398,0.33347233715103575,Medium,0.8872127425763265,0.11278725742367346,0.4142721732590351,True
9,298.26516997371,-0.0782672843820573,0.4406477296205964,-0.4346835315003889,Z10,"{""type"":""Polygon"",""coordinates"":[[[88.50000159499916,22.575001735114373],[88.50000159499916,22.69999927967918],[88.4399998642475,22.699999234974616],[88.4399998642475,22.575001760461625],[88.50000159499916,22.575001735114373]]]}",kolkata_features,0.8188861890407633,0.4758686359831573,0.4545086005603842,0.19948871848213431,High,0.4722149251619493,0.5277850748380507,0.4270857354870147,False
0,,-0.0912071349015155,0.4758192509050516,-0.4720205958403159,Z1,"{""type"":""Polygon"",""coordinates"":[[[80.81999817418624,26.750000098778504],[80.81999817418624,26.8999997336134],[80.74999921962282,26.8999997790171],[80.74999921962282,26.750000113394186],[80.81999817418624,26.750000098778504]]]}",lucknow_features,0.8841692643714154,,0.41534662914650866,0.14292922019518256,High,0.1195942459383017,0.8804057540616983,,False
1,,-0.0097854745339001,0.33213696297171,-0.3647388987357044,Z2,"{""type"":""Polygon"",""coordinates"":[[[80.89000159536415,26.750000033055173],[80.89000159536415,26.899999743379517],[80.81999817418624,26.8999997336134],[80.81999817418624,26.750000098778504],[80.89000159536415,26.750000033055173]]]}",lucknow_features,0.617475607563955,,0.6617662250291626,0.3054433082971989,Medium,0.713244787222995,0.286755212777005,,True
2,,0.0009565698722711,0.2611764748485812,-0.2965317969129004,Z3,"{""type"":""Polygon"",""coordinates"":[[[80.96000057984199,26.75000008157383],[80.96000057984199,26.89999979293399],[80.89000159536415,26.899999743379517],[80.89000159536415,26.750000033055173],[80.96000057984199,26.75000008157383]]]}",lucknow_features,0.4857633948855259,,0.6942766188183694,0.4087658251288039,Medium,0.7607850486168974,0.23921495138310256,,True
3,284.2180033423767,0.0099696110572592,0.2813215324850609,-0.3205579920567454,Z4,"{""type"":""Polygon"",""coordinates"":[[[81.02999956757874,26.75000011534578],[81.02999956757873,26.89999975476672],[80.96000057984199,26.89999979293399],[80.96000057984199,26.75000008157383],[81.02999956757874,26.75000011534578]]]}",lucknow_features,0.5231553320891033,0.0,0.7215542493217368,0.37237009967196616,Medium,0.5612771975694962,0.43872280243050377,0.40179408829043367,True
4,300.019704011001,-0.0344853716898975,0.3865237278082231,-0.4054023467041722,Z5,"{""type"":""Polygon"",""coordinates"":[[[81.0999985185246,26.750000070661834],[81.0999985185246,26.89999974348942],[81.02999956757873,26.89999975476672],[81.02999956757874,26.75000011534578],[81.0999985185246,26.750000070661834]]]}",lucknow_features,0.71842476006427,0.5353060827668616,0.5870129143248178,0.24384488709366942,Medium,0.770967179954561,0.229032820045439,0.42777310512087796,False
5,,-0.1058838758574001,0.5268726534264742,-0.5117675987625884,Z6,"{""type"":""Polygon"",""coordinates"":[[[80.81999817418624,26.8999997336134],[80.81999817418624,27.049999486603028],[80.74999921962282,27.049999482505406],[80.74999921962282,26.8999997790171],[80.81999817418624,26.8999997336134]]]}",lucknow_features,0.9789312479585508,,0.3709280240862026,0.08271906218097246,High,0.49379559636439074,0.5062044036356093,,False
6,,-0.0480760373103911,0.4249883654160282,-0.4473921588516877,Z7,"{""type"":""Polygon"",""coordinates"":[[[80.89000159536415,26.899999743379517],[80.89000159536415,27.049999474082423],[80.81999817418624,27.049999486603028],[80.81999817418624,26.8999997336134],[80.89000159536415,26.899999743379517]]]}",lucknow_features,0.7898203023329067,,0.5458812754604457,0.18023724278063843,High,0.5227328293819941,0.47726717061800594,,False
7,,-0.0158909508296583,0.3465248308899878,-0.3878666466178297,Z8,"{""type"":""Polygon"",""coordinates"":[[[80.96000057984199,26.89999979293399],[80.96000057984199,27.049999427043492],[80.89000159536415,27.049999474082423],[80.89000159536415,26.899999743379517],[80.96000057984199,26.89999979293399]]]}",lucknow_features,0.6441814261027607,,0.6432882304184034,0.27040858235273607,Medium,0.42754101835854963,0.5724589816414504,,True
8,,-0.0342491291533759,0.3832534256672218,-0.4110677619798271,Z9,"{""type"":""Polygon"",""coordinates"":[[[81.02999956757873,26.89999975476672],[81.02999956757874,27.04999948654371],[80.96000057984199,27.049999427043492],[80.96000057984199,26.89999979293399],[81.02999956757873,26.89999975476672]]]}",lucknow_features,0.7123546393180475,,0.5877278934853644,0.23526271676927105,Medium,0.02541912674409519,0.9745808732559048,,False
9,295.3472443500696,-0.0661101537307742,0.4046643011296399,-0.4181272291069308,Z10,"{""type"":""Polygon"",""coordinates"":[[[81.0999985185246,26.89999974348942],[81.0999985185246,27.0499995001678],[81.02999956757874,27.04999948654371],[81.02999956757873,26.89999975476672],[81.0999985185246,26.89999974348942]]]}",lucknow_features,0.7520961047043065,0.3770195710532391,0.4913016997020143,0.22456878766849714,High,0.10789142699330445,0.8921085730066955,0.4982861521418094,False
0,305.7035079599092,0.0496646610074023,0.2514766209689857,-0.3100921668863737,Z1,"{""type"":""Polygon"",""coordinates"":[[[73.76400143465389,18.379999871170828],[73.76400143465389,18.449998826992502],[73.74999982887877,18.449998844662662],[73.74999982887877,18.379999825031273],[73.76400143465389,18.379999871170828]]]}",mumbai_features,0.46775916110796045,0.7278533845358514,0.8416898265513382,0.3882240997456187,Medium,0.03142918568673425,0.9685708143132657,0.7227808246723667,True
1,306.1156221744711,0.0351406999976341,0.2899273341465577,-0.3506026540045628,Z2,"{""type"":""Polygon"",""coordinates"":[[[73.77799847097619,18.37999983718417],[73.77799847097619,18.44999881228124],[73.76400143465389,18.449998826992502],[73.76400143465389,18.379999871170828],[73.77799847097619,18.37999983718417]]]}",mumbai_features,0.5391288577607508,0.7418143657287004,0.7977336042576202,0.3268573890180534,Medium,0.6364104112637804,0.3635895887362196,0.5834071535880314,True
2,306.4986553961634,0.0781951291976986,0.3215756189900838,-0.428079017951993,Z3,"{""type"":""Polygon"",""coordinates"":[[[73.79200009178608,18.379999818064455],[73.79200009178608,18.449998810126765],[73.77799847097619,18.44999881228124],[73.77799847097619,18.37999983718417],[73.79200009178608,18.379999818064455]]]}",mumbai_features,0.5978723322558107,0.7547901850897626,0.9280362165666419,0.20949346790018614,Medium,0.3143559810763267,0.6856440189236733,0.6647207360754098,False
3,307.36428307018565,0.0816902409341779,0.2873262291165163,-0.3976780006462065,Z4,"{""type"":""Polygon"",""coordinates"":[[[73.80600162611299,18.37999984629191],[73.80600162611299,18.449998851778787],[73.79200009178608,18.449998810126765],[73.79200009178608,18.379999818064455],[73.80600162611299,18.37999984629191]]]}",mumbai_features,0.5343008568833995,0.7841146083928523,0.9386140409168133,0.2555459981841346,Medium,0.5085706911647028,0.49142930883529723,0.6492617631193612,False
4,306.84295914129643,0.0773140435741899,0.2558767313224512,-0.3706488657844017,Z5,"{""type"":""Polygon"",""coordinates"":[[[73.81999876329446,18.37999981151146],[73.81999876329446,18.449998825719046],[73.80600162611299,18.449998851778787],[73.80600162611299,18.37999984629191],[73.81999876329446,18.37999981151146]]]}",mumbai_features,0.47592635789610244,0.7664539859017283,0.9253696440317322,0.29649068234558423,Medium,0.907566473926093,0.09243352607390698,0.5764786726915841,True
5,307.8570217285808,0.0932006583071872,0.288564622639955,-0.3890373546710832,Z6,"{""type"":""Polygon"",""coordinates"":[[[73.76400143465389,18.449998826992502],[73.76400143465389,18.519997779493778],[73.74999982887877,18.519997776503974],[73.74999982887877,18.449998844662662],[73.76400143465389,18.449998826992502]]]}",mumbai_features,0.536599481871093,0.8008068623840334,0.973449886620419,0.2686351526173484,Medium,0.24929222914887494,0.7507077708511251,0.7085173929362335,True
6,307.2802432830978,0.0689830142924738,0.2741804973223189,-0.3668236598192459,Z7,"{""type"":""Polygon"",""coordinates"":[[[73.77799847097619,18.44999881228124],[73.77799847097619,18.519997780706742],[73.76400143465389,18.519997779493778],[73.76400143465389,18.449998826992502],[73.77799847097619,18.44999881228124]]]}",mumbai_features,0.5099006101025919,0.7812676357684502,0.9001560969286868,0.3022852388823205,Medium,0.41038292303562973,0.5896170769643703,0.66506503195528,True
7,307.813049539871,0.0787584908234937,0.2475744796486849,-0.3418365516518402,Z8,"{""type"":""Polygon"",""coordinates"":[[[73.79200009178608,18.449998810126765],[73.79200009178608,18.519997792167175],[73.77799847097619,18.519997780706742],[73.77799847097619,18.44999881228124],[73.79200009178608,18.449998810126765]]]}",mumbai_features,0.4605162618400053,0.7993172391730542,0.9297412093601743,0.34013658918462514,Medium,0.7555511385430487,0.24444886145695133,0.6160117260182157,True
8,307.3566015104365,0.0405515620555434,0.2458187500335314,-0.3170050457394184,Z9,"{""type"":""Polygon"",""coordinates"":[[[73.80600162611299,18.449998851778787],[73.80600162611299,18.519997756013968],[73.79200009178608,18.519997792167175],[73.79200009178608,18.449998810126765],[73.80600162611299,18.449998851778787]]]}",mumbai_features,0.45725739146589445,0.7838543841457869,0.8141093749759624,0.37775222771821415,Medium,0.22879816549162246,0.7712018345083775,0.6973679289729269,True
9,306.1035119182399,0.0104087307979169,0.2561506872809024,-0.3098244735729224,Z10,"{""type"":""Polygon"",""coordinates"":[[[73.81999876329446,18.449998825719046],[73.81999876329446,18.519997823208755],[73.80600162611299,18.519997756013968],[73.80600162611299,18.449998851778787],[73.81999876329446,18.449998825719046]]]}",mumbai_features,0.4764348570118559,0.7414041128097026,0.722883228717986,0.3886296109921841,Medium,0.07697990982879299,0.923020090171207,0.6965941123415897,True
0,307.74779608402457,-0.0189090997135896,0.389384040067348,-0.4603693108740736,Z1,"{""type"":""Polygon"",""coordinates"":[[[78.89499980319687,20.999998146439335],[78.94000107382202,20.999998179744427],[78.94000107382202,21.149997884412073],[78.89499980319687,21.149997882613686],[78.8499985651889,21.149997847210482],[78.8499985651889,20.999998151078863],[78.89499980319687,20.999998146439335]]]}",nagpur_features,0.7237338844314372,0.7971066814255899,0.6341539162207549,0.16057899646278978,Medium,0.289751452913768,0.710248547086232,0.603271402231047,False
1,308.4150106162623,0.0124557737579982,0.3360946794582887,-0.4190325927015386,Z2,"{""type"":""Polygon"",""coordinates"":[[[78.98500002390028,20.99999819540813],[79.02999904725039,20.999998179043775],[79.02999904725039,21.14999787361377],[78.98500002390028,21.149997885893825],[78.94000107382202,21.149997884412073],[78.94000107382202,20.999998179744427],[78.98500002390028,20.99999819540813]]]}",nagpur_features,0.6248216618173681,0.8197095648181655,0.7290785273240349,0.22319731105180102,Medium,0.16122128725400442,0.8387787127459956,0.6722786832019552,False
2,307.73095569619045,0.0210788518787486,0.3114115065174459,-0.3798987395596802,Z3,"{""type"":""Polygon"",""coordinates"":[[[79.0750003605514,20.999998191851425],[79.12000160989884,20.99999817814699],[79.12000160989884,21.149997847685285],[79.0750003605514,21.149997909640067],[79.02999904725039,21.14999787361377],[79.02999904725039,20.999998179043775],[79.0750003605514,20.999998191851425]]]}",nagpur_features,0.5790063720701845,0.7965361882721752,0.7551759492653961,0.28247864821284385,Medium,0.9296976523425731,0.07030234765742693,0.524521132546999,True
3,308.6703057379744,-0.0103817207765561,0.3589657934536233,-0.4105595621879049,Z4,"{""type"":""Polygon"",""coordinates"":[[[79.16500061774585,20.999998185882564],[79.20999960002473,20.99999818644176],[79.20999960002473,21.149997902727343],[79.16500061774585,21.149997914482338],[79.12000160989884,21.149997847685285],[79.12000160989884,20.99999817814699],[79.16500061774585,20.999998185882564]]]}",nagpur_features,0.6672735263749943,0.8283580662939936,0.6599617081782598,0.23603255568855414,Medium,0.808120379564417,0.19187962043558304,0.5206743834060003,False
4,307.3383863826475,-0.0828154044716142,0.4662835771796286,-0.4906925704714853,Z5,"{""type"":""Polygon"",""coordinates"":[[[79.25500085419186,20.999998153858016],[79.30000211559067,20.99999822014833],[79.30000211559067,21.149997879031144],[79.25500085419186,21.14999787709769],[79.20999960002473,21.149997902727343],[79.20999960002473,20.99999818644176],[79.25500085419186,20.999998153858016]]]}",nagpur_features,0.8664697710480929,0.7832373196342947,0.44074388599383924,0.11464425629039328,High,0.6334037565104235,0.36659624348957653,0.4638348045620977,False
5,307.31876534904063,-0.054948691228229,0.4467207763739779,-0.4911425081715486,Z6,"{""type"":""Polygon"",""coordinates"":[[[78.89499980319687,21.149997882613686],[78.94000107382202,21.149997884412073],[78.94000107382202,21.300001998524497],[78.89499980319687,21.30000205141077],[78.8499985651889,21.300001999227792],[78.8499985651889,21.149997847210482],[78.89499980319687,21.149997882613686]]]}",nagpur_features,0.8301585808568888,0.7825726279748209,0.5250814466012869,0.11396267483706109,High,0.8714605901877177,0.1285394098122823,0.4396694142055819,False
6,307.65289316965175,-0.019524055288872,0.4080990261251316,-0.4703775230920176,Z7,"{""type"":""Polygon"",""coordinates"":[[[78.98500002390028,21.149997885893825],[79.02999904725039,21.14999787361377],[79.02999904725039,21.300002021327273],[78.98500002390028,21.300002052491607],[78.94000107382202,21.300001998524497],[78.94000107382202,21.149997884412073],[78.98500002390028,21.149997885893825]]]}",nagpur_features,0.758471416389214,0.7938917042277908,0.6322927762776157,0.14541820458470617,High,0.8036720768991145,0.19632792310088554,0.49049918174353235,False
7,306.2355000146497,-0.0145100766596665,0.363669203577573,-0.4059832289687771,Z8,"{""type"":""Polygon"",""coordinates"":[[[79.0750003605514,21.149997909640067],[79.12000160989884,21.149997847685285],[79.12000160989884,21.30000201448505],[79.0750003605514,21.300002057700553],[79.02999904725039,21.300002021327273],[79.02999904725039,21.14999787361377],[79.0750003605514,21.149997909640067]]]}",nagpur_features,0.6760036883418146,0.7458754056371423,0.6474673942109109,0.24296494620836773,Medium,0.18657005888603584,0.8134299411139642,0.6191773476403339,False
8,306.65822241167336,-0.0153885578545222,0.3952466855165589,-0.4283557413734871,Z9,"{""type"":""Polygon"",""coordinates"":[[[79.16500061774585,21.149997914482338],[79.20999960002473,21.149997902727343],[79.20999960002473,21.300002071033134],[79.16500061774585,21.30000202789523],[79.12000160989884,21.30000201448505],[79.12000160989884,21.149997847685285],[79.16500061774585,21.149997914482338]]]}",nagpur_features,0.7346157431205266,0.7601957547687945,0.6448087038814644,0.20907427752834917,Medium,0.8925589984899778,0.10744100151002223,0.46696629388742983,False
9,305.21489993597646,-0.1101435705873637,0.5118831713942117,-0.5125254767054344,Z10,"{""type"":""Polygon"",""coordinates"":[[[79.25500085419186,21.14999787709769],[79.30000211559067,21.149997879031144],[79.30000211559067,21.30000203487277],[79.25500085419186,21.300002029877973],[79.20999960002473,21.300002071033134],[79.20999960002473,21.149997902727343],[79.25500085419186,21.14999787709769]]]}",nagpur_features,0.9511087526855886,0.7113010619229301,0.3580362180335887,0.08157100201695261,High,0.5393422419156507,0.4606577580843493,0.4301725237952689,False
0,307.1113173962815,0.0434788132581917,0.2997137090305718,-0.3769664659244645,Z1,"{""type"":""Polygon"",""coordinates"":[[[73.81999876329446,18.37999981151146],[73.81999876329446,18.519997823208755],[73.74999982887877,18.519997776503974],[73.74999982887877,18.379999825031273],[73.81999876329446,18.37999981151146]]]}",pune_features,0.5572936861626848,0.7755450204217936,0.8229685907564663,0.2869205594498369,Medium,0.8074401551640625,0.19255984483593747,0.5599633508923166,True
1,307.5285710063469,0.0345263605857649,0.2670136936460255,-0.3513989143870644,Z2,"{""type"":""Polygon"",""coordinates"":[[[73.89000222534351,18.379999828449453],[73.89000222534351,18.519997814315534],[73.81999876329446,18.519997823208755],[73.81999876329446,18.37999981151146],[73.89000222534351,18.379999828449453]]]}",pune_features,0.49659805828814296,0.7896801062716318,0.7958743291099003,0.3256511857844503,Medium,0.8960912999234932,0.10390870007650677,0.5560383798848063,True
2,310.1261810367493,0.0426350763336561,0.2547752168333635,-0.3530983311750257,Z3,"{""type"":""Polygon"",""coordinates"":[[[73.96000117000168,18.379999837076255],[73.96000117000168,18.519997794356673],[73.89000222534351,18.519997814315534],[73.89000222534351,18.379999828449453],[73.96000117000168,18.379999837076255]]]}",pune_features,0.4738817988112869,0.8776780046682016,0.8204150526557124,0.3230768494619042,Medium,0.3180034749718639,0.6819965250281361,0.7044088394814579,True
3,309.88575171439,-0.0103689939099918,0.3302234460312253,-0.4090926212888485,Z4,"{""type"":""Polygon"",""coordinates"":[[[74.03000019162782,18.37999983858856],[74.03000019162782,18.519997767177724],[73.96000117000168,18.519997794356673],[73.96000117000168,18.379999837076255],[74.03000019162782,18.37999983858856]]]}",pune_features,0.6139238626859945,0.8695331042278325,0.6600002255617358,0.23825472935791023,Medium,0.11005192452767676,0.8899480754723232,0.6863702932440938,False
4,309.69621497752973,-0.0166496625969309,0.33115800119312,-0.4175576019761349,Z5,"{""type"":""Polygon"",""coordinates"":[[[74.09999912728527,18.379999860445878],[74.09999912728529,18.519997760386637],[74.03000019162782,18.519997767177724],[74.03000019162782,18.37999983858856],[74.09999912728527,18.379999860445878]]]}",pune_features,0.615658522797543,0.8631122657195743,0.6409920177614936,0.22543167888123766,Medium,0.22793516254194168,0.7720648374580583,0.6590991118583427,False
5,308.38288507954366,0.0255321469862846,0.2740626667316491,-0.3336487287432991,Z6,"{""type"":""Polygon"",""coordinates"":[[[73.81999876329446,18.519997823208755],[73.81999876329446,18.66000017423062],[73.74999982887877,18.66000022062794],[73.74999982887877,18.519997776503974],[73.81999876329446,18.519997823208755]]]}",pune_features,0.5096819006738827,0.8186212645409818,0.7686536795866719,0.3525397913098193,Medium,0.4271077886262563,0.5728922113737437,0.6463732610148483,True
6,308.7646340086085,0.0257895089634857,0.2958169899990783,-0.3563222987536136,Z7,"{""type"":""Polygon"",""coordinates"":[[[73.89000222534351,18.519997814315534],[73.89000222534351,18.660000162239793],[73.81999876329446,18.66000017423062],[73.81999876329446,18.519997823208755],[73.89000222534351,18.519997814315534]]]}",pune_features,0.5500608513922477,0.8315535765815394,0.7694325759409235,0.31819306997998775,Medium,0.8180147659224931,0.18198523407750689,0.5628627649363517,True
7,310.00079457981883,0.04017668410943,0.2689892219214647,-0.3517738684729727,Z8,"{""type"":""Polygon"",""coordinates"":[[[73.96000117000168,18.519997794356673],[73.96000117000168,18.660000136769856],[73.89000222534351,18.660000162239793],[73.89000222534351,18.519997814315534],[73.96000117000168,18.519997794356673]]]}",pune_features,0.50026490454652,0.8734303521845205,0.812974820957173,0.325083192147175,Medium,0.8607305832563434,0.13926941674365656,0.5855699039597638,True
8,310.246263926735,0.0158517500315998,0.2903919865054048,-0.370657427331804,Z9,"{""type"":""Polygon"",""coordinates"":[[[74.03000019162782,18.519997767177724],[74.03000019162782,18.660000192304736],[73.96000117000168,18.660000136769856],[73.96000117000168,18.519997794356673],[74.03000019162782,18.519997767177724]]]}",pune_features,0.5399913150511209,0.8817459909434522,0.7393563219205798,0.29647771301245124,Medium,0.006952130531190703,0.9930478694688093,0.7383043541011305,True
9,310.292400179723,-0.0218331779974674,0.3333323995914133,-0.4049913913210979,Z10,"{""type"":""Polygon"",""coordinates"":[[[74.09999912728529,18.519997760386637],[74.09999912728527,18.660000180639045],[74.03000019162782,18.660000192304736],[74.03000019162782,18.519997767177724],[74.09999912728529,18.519997760386637]]]}",pune_features,0.6196944987590767,0.8833089250464617,0.6253043031596952,0.24446741676213474,Medium,0.5107473025775657,0.48925269742243427,0.6021183249161202,False
0,308.4164934056709,-0.1260182145777418,0.2865575464710446,-0.3393101963999392,Z1,"{""type"":""Polygon"",""coordinates"":[[[72.70999919790215,21.099997938072764],[72.70999919790215,21.224999959558613],[72.6500020014233,21.22499993169516],[72.6500020014233,21.099997979343215],[72.70999919790215,21.099997938072764]]]}",surat_features,0.5328740784781142,0.81975979651199,0.30999220444766756,0.3439636009775508,Medium,0.417411003148779,0.582588996851221,0.5736979955242025,True
1,308.78406235862326,-0.0692965341469571,0.3813922576004939,-0.4272450073122325,Z2,"{""type"":""Polygon"",""coordinates"":[[[72.77000090351893,21.09999801072069],[72.77000090351893,21.224999989125063],[72.70999919790215,21.224999959558613],[72.70999919790215,21.099997938072764],[72.77000090351893,21.09999801072069]]]}",surat_features,0.7089000609925742,0.8322117407981091,0.48165823909289496,0.21075685655124266,Medium,0.22210781047073025,0.7778921895292698,0.6021344050164189,False
2,309.2955598785936,-0.0217143797303198,0.2835976797729529,-0.3358541314513296,Z3,"{""type"":""Polygon"",""coordinates"":[[[72.8299980714329,21.09999798865362],[72.8299980714329,21.224999983338723],[72.77000090351893,21.224999989125063],[72.77000090351893,21.09999801072069],[72.8299980714329,21.09999798865362]]]}",surat_features,0.5273801676785944,0.8495394790904797,0.6256638416516628,0.34919896971893966,Medium,0.1198653673336828,0.8801346326663172,0.6891274252781605,True
3,310.16415423703387,0.0053594237673841,0.2535584510264436,-0.3148974901795076,Z4,"{""type"":""Polygon"",""coordinates"":[[[72.88999978021023,21.09999796748522],[72.88999978021023,21.224999954425822],[72.8299980714329,21.224999983338723],[72.8299980714329,21.09999798865362],[72.88999978021023,21.09999796748522]]]}",surat_features,0.47162331777515315,0.8789644032350858,0.7076016907054522,0.3809448270076275,Medium,0.33761517140362796,0.662384828596372,0.6787768421005549,True
4,308.1676812059019,-0.0796597127845781,0.4633035918203222,-0.4842460368264482,Z5,"{""type"":""Polygon"",""coordinates"":[[[72.95000140212463,21.099997936583172],[72.95000140212463,21.224999977631864],[72.88999978021023,21.224999954425822],[72.88999978021023,21.09999796748522],[72.95000140212463,21.099997936583172]]]}",surat_features,0.8609385173066796,0.8113309136470321,0.45029446831724984,0.12440969219434432,High,0.9429097039125192,0.05709029608748084,0.4110724334654034,False
5,309.24393661465814,-0.0348286229232625,0.3533348575724915,-0.4174951827899692,Z6,"{""type"":""Polygon"",""coordinates"":[[[72.70999919790215,21.224999959558613],[72.70999919790215,21.350001928163426],[72.6500020014233,21.35000195419828],[72.6500020014233,21.22499993169516],[72.70999919790215,21.224999959558613]]]}",surat_features,0.6568217518174784,0.84779066434095,0.585974077363865,0.2255262336598584,Medium,0.32320293202075523,0.6767970679792448,0.6156040423744369,False
6,308.44989093714605,-0.0042886944431765,0.3460647149066709,-0.4232662537580077,Z7,"{""type"":""Polygon"",""coordinates"":[[[72.77000090351893,21.224999989125063],[72.77000090351893,21.350001967649206],[72.70999919790215,21.350001928163426],[72.70999919790215,21.224999959558613],[72.77000090351893,21.224999989125063]]]}",surat_features,0.6433273889356794,0.8208911875010334,0.678402023445657,0.21678401237649958,Medium,0.5187906217433661,0.4812093782566339,0.5885483581250799,False
7,308.0990216070467,-0.0640350444542511,0.4130225230218227,-0.4472859534541393,Z8,"{""type"":""Polygon"",""coordinates"":[[[72.8299980714329,21.224999983338723],[72.8299980714329,21.350001943321374],[72.77000090351893,21.350001967649206],[72.77000090351893,21.224999989125063],[72.8299980714329,21.224999983338723]]]}",surat_features,0.7676100890157795,0.8090049677454951,0.49758193996025096,0.18039812645231695,High,0.7030189588951778,0.29698104110482215,0.48796190180141036,False
8,308.02372942815504,-0.0792726561092143,0.4282492524212037,-0.455103447799925,Z9,"{""type"":""Polygon"",""coordinates"":[[[72.88999978021023,21.224999954425822],[72.88999978021023,21.35000195998818],[72.8299980714329,21.350001943321374],[72.8299980714329,21.224999983338723],[72.88999978021023,21.224999954425822]]]}",surat_features,0.7958729473203643,0.8064543333428629,0.4514658808025296,0.16855591105923642,High,0.363629602379294,0.636370397620706,0.5409900696782035,False
9,307.9255394992686,-0.0869471793903214,0.4388536182890968,-0.4622728751623631,Z10,"{""type"":""Polygon"",""coordinates"":[[[72.95000140212463,21.224999977631864],[72.95000140212463,21.35000191471254],[72.88999978021023,21.35000195998818],[72.88999978021023,21.224999954425822],[72.95000140212463,21.224999977631864]]]}",surat_features,0.8155560770374013,0.8031280036457237,0.4282392244437185,0.15769541032644008,High,0.9717820827209607,0.02821791727903933,0.4102251038899321,False
0,308.1142387750236,-0.1214771358734504,0.5156973897610907,-0.5435853509953773,Z1,"{""type"":""Polygon"",""coordinates"":[[[73.02000042445346,22.200000253679107],[73.02000042445346,22.325002190210547],[72.95000140212463,22.32500220349411],[72.95000140212463,22.20000022156043],[73.02000042445346,22.200000253679107]]]}",vadodara_features,0.958188455123213,0.8095204719150351,0.3237356085262693,0.03452041199998721,High,0.9624472949421112,0.03755270505788877,0.3675424225323143,False
1,307.7578778950399,-0.1165358925564705,0.5360470909250569,-0.5510016352329562,Z2,"{""type"":""Polygon"",""coordinates"":[[[73.0899993808854,22.20000026951328],[73.0899993808854,22.325002183264086],[73.02000042445346,22.325002190210547],[73.02000042445346,22.200000253679107],[73.0899993808854,22.20000026951328]]]}",vadodara_features,0.995960238245674,0.7974482177497476,0.3386900957699653,0.0232859637902405,High,0.25178229582536416,0.7482177041746358,0.4986924417851326,False
2,309.0671264232082,-0.0719975799372351,0.4649338818292472,-0.4962742624154311,Z3,"{""type"":""Polygon"",""coordinates"":[[[73.15999829827662,22.20000023489386],[73.15999829827662,22.325002236842266],[73.0899993808854,22.325002183264086],[73.0899993808854,22.20000026951328],[73.15999829827662,22.20000023489386]]]}",vadodara_features,0.86396455489552,0.8418009564630978,0.4734836254938141,0.10618891301359745,High,0.49724850589238545,0.5027514941076145,0.5122148239913537,False
3,309.34325322634874,-0.0378314234111452,0.3549962474380984,-0.3982396724113392,Z4,"{""type"":""Polygon"",""coordinates"":[[[73.23000170282357,22.200000237004915],[73.23000170282357,22.32500217610994],[73.15999829827662,22.325002236842266],[73.15999829827662,22.20000023489386],[73.23000170282357,22.200000237004915]]]}",vadodara_features,0.6599055149243626,0.85115516209171,0.576886214510179,0.254695158039108,Medium,0.30087830981676966,0.6991216901832303,0.6157048904548809,False
4,310.2928618188499,-0.0164847796531086,0.3939120555616485,-0.4500256186607223,Z5,"{""type"":""Polygon"",""coordinates"":[[[73.30000070827495,22.2000002688222],[73.30000070827495,22.325002254421605],[73.23000170282357,22.32500217610994],[73.23000170282357,22.200000237004915],[73.30000070827495,22.2000002688222]]]}",vadodara_features,0.7321384903687819,0.8833245637576252,0.6414910297958981,0.17624798523746918,Medium,0.2848404943774676,0.7151595056225324,0.6228203508989161,False
5,308.1789674054687,-0.1157789899829669,0.5382235289345526,-0.5663735807873954,Z6,"{""type"":""Polygon"",""coordinates"":[[[73.02000042445346,22.325002190210547],[73.02000042445346,22.449999752571966],[72.95000140212463,22.449999758588636],[72.95000140212463,22.32500220349411],[73.02000042445346,22.325002190210547]]]}",vadodara_features,1.0,0.8117132504224299,0.3409808329699092,0.0,High,0.036886947354532795,0.9631130526454672,0.5466980480801873,False
6,307.6896337912392,-0.0802029775409825,0.4648545586709784,-0.4878590574832662,Z7,"{""type"":""Polygon"",""coordinates"":[[[73.0899993808854,22.325002183264086],[73.0899993808854,22.449999775712033],[73.02000042445346,22.449999752571966],[73.02000042445346,22.325002190210547],[73.0899993808854,22.325002183264086]]]}",vadodara_features,0.8638173204419731,0.7951363473603779,0.4486502979438376,0.11893656142569163,High,0.6095643339798968,0.39043566602010316,0.4731299124605296,False
7,308.543216201311,-0.0648630366193831,0.4480829189501202,-0.4873547329382985,Z8,"{""type"":""Polygon"",""coordinates"":[[[73.15999829827662,22.325002236842266],[73.15999829827662,22.44999970618485],[73.0899993808854,22.449999775712033],[73.0899993808854,22.325002183264086],[73.15999829827662,22.325002236842266]]]}",vadodara_features,0.8326869007350707,0.8240527194545222,0.4950760527822613,0.11970052998458726,High,0.5026790232288615,0.4973209767711385,0.5179626599162175,False
8,309.3178798438901,-0.0445859874436837,0.4238646107412036,-0.4666858915740163,Z9,"{""type"":""Polygon"",""coordinates"":[[[73.23000170282357,22.32500217610994],[73.23000170282357,22.44999972395041],[73.15999829827662,22.44999970618485],[73.15999829827662,22.325002236842266],[73.23000170282357,22.32500217610994]]]}",vadodara_features,0.7877344624712634,0.8502956010700643,0.5564437802519399,0.15101041785079228,High,0.05147875124998935,0.9485212487500106,0.634323336528851,False
9,310.20748192564605,0.0054132920775672,0.4271183864945654,-0.4858783941412088,Z10,"{""type"":""Polygon"",""coordinates"":[[[73.30000070827495,22.325002254421605],[73.30000070827495,22.449999725834992],[73.23000170282357,22.44999972395041],[73.23000170282357,22.32500217610994],[73.30000070827495,22.325002254421605]]]}",vadodara_features,0.7937739080186373,0.8804321930478863,0.7077647211222512,0.12193693992042846,High,0.27864646423661144,0.7213535357633886,0.620217597185353,False
